Вопрос,Правильный,Неверный1,Неверный2,Неверный3,Картинка
Какой океан самый большой?,Тихий океан,Миссисипи,Онтарио,Танганьика,images/water/тихий_океан.jpg
Какая река находится в регионе: Китай?,Янцзы,Дунай,Чёрное море,Миссисипи,images/water/янцзы.jpg
Какой океан самый большой?,Тихий океан,Карибское море,Лена,Балтийское море,images/water/тихий_океан.jpg
Какой из перечисленных является океаном?,Тихий океан,Амазонка,Онтарио,Карибское море,images/water/тихий_океан.jpg
Какой из перечисленных является океаном?,Индийский океан,Танганьика,Виктория,Балтийское море,images/water/индийский_океан.jpg
Какой из перечисленных является океаном?,Северный Ледовитый океан,Средиземное море,Индийский океан,Танганьика,images/water/северный_ледовитый_океан.jpg
Какой океан самый большой?,Тихий океан,Ганг,Танганьика,Карибское море,images/water/тихий_океан.jpg
Какое озеро находится в Россия?,Байкал,Северный Ледовитый океан,Танганьика,Енисей,images/water/байкал.jpg
Какая река находится в регионе: США?,Миссисипи,Ганг,Танганьика,Амазонка,images/water/миссисипи.jpg
Какая река находится в регионе: Китай?,Янцзы,Чёрное море,Северный Ледовитый океан,Лена,images/water/янцзы.jpg
Какой океан самый большой?,Тихий океан,Амазонка,Миссисипи,Чёрное море,images/water/тихий_океан.jpg
Какая река находится в регионе: Индия?,Ганг,Онтарио,Янцзы,Байкал,images/water/ганг.jpg
Какая река находится в регионе: Россия?,Обь,Байкал,Атлантический океан,Янцзы,images/water/обь.jpg
Какое море относится к региону: Америка?,Карибское море,Лена,Мичиган,Индийский океан,images/water/карибское_море.jpg
Какая река находится в регионе: Россия?,Обь,Волга,Балтийское море,Индийский океан,images/water/обь.jpg
Какой из перечисленных является океаном?,Северный Ледовитый океан,Волга,Дунай,Онтарио,images/water/северный_ледовитый_океан.jpg
Какой из перечисленных является океаном?,Атлантический океан,Волга,Балтийское море,Обь,images/water/атлантический_океан.jpg
Какая река находится в регионе: Россия?,Енисей,Янцзы,Миссисипи,Ганг,images/water/енисей.jpg
Какое море относится к региону: Европа?,Чёрное море,Атлантический океан,Амазонка,Танганьика,images/water/чёрное_море.jpg
Какой из перечисленных является океаном?,Северный Ледовитый океан,Средиземное море,Байкал,Дунай,images/water/северный_ледовитый_океан.jpg
Какое озеро находится в Африка?,Виктория,Тихий океан,Дунай,Северный Ледовитый океан,images/water/виктория.jpg
Какой из перечисленных является океаном?,Тихий океан,Чёрное море,Танганьика,Амазонка,images/water/тихий_океан.jpg
Какое море относится к региону: Европа?,Чёрное море,Дунай,Тихий океан,Амазонка,images/water/чёрное_море.jpg
Какой океан самый большой?,Тихий океан,Танганьика,Карибское море,Ганг,images/water/тихий_океан.jpg
Какое озеро находится в Канада?,Онтарио,Обь,Ганг,Нил,images/water/онтарио.jpg
Какой океан самый большой?,Тихий океан,Атлантический океан,Северный Ледовитый океан,Амазонка,images/water/тихий_океан.jpg
Какое море относится к региону: Африка?,Красное море,Онтарио,Ганг,Индийский океан,images/water/красное_море.jpg
Какое озеро находится в Россия?,Байкал,Ганг,Северный Ледовитый океан,Енисей,images/water/байкал.jpg
Какое море относится к региону: Европа?,Средиземное море,Тихий океан,Красное море,Онтарио,images/water/средиземное_море.jpg
Какая река находится в регионе: Китай?,Янцзы,Амазонка,Тихий океан,Миссисипи,images/water/янцзы.jpg
Какое море относится к региону: Европа?,Средиземное море,Волга,Мичиган,Янцзы,images/water/средиземное_море.jpg
Какое море относится к региону: Европа?,Балтийское море,Чёрное море,Миссисипи,Дунай,images/water/балтийское_море.jpg
Какой океан самый большой?,Тихий океан,Балтийское море,Нил,Миссисипи,images/water/тихий_океан.jpg
Какое озеро находится в Канада?,Онтарио,Енисей,Индийский океан,Танганьика,images/water/онтарио.jpg
Какое озеро находится в США?,Мичиган,Карибское море,Атлантический океан,Тихий океан,images/water/мичиган.jpg
Какой из перечисленных является океаном?,Атлантический океан,Онтарио,Дунай,Ганг,images/water/атлантический_океан.jpg
Какой океан самый большой?,Тихий океан,Чёрное море,Дунай,Танганьика,images/water/тихий_океан.jpg
Какая река находится в регионе: Индия?,Ганг,Балтийское море,Карибское море,Янцзы,images/water/ганг.jpg
Какой из перечисленных является океаном?,Тихий океан,Лена,Чёрное море,Танганьика,images/water/тихий_океан.jpg
Какая река находится в регионе: Европа?,Дунай,Нил,Лена,Средиземное море,images/water/дунай.jpg
Какое море относится к региону: Европа?,Балтийское море,Нил,Карибское море,Амазонка,images/water/балтийское_море.jpg
Какой из перечисленных является океаном?,Северный Ледовитый океан,Индийский океан,Средиземное море,Карибское море,images/water/северный_ледовитый_океан.jpg
Какое море относится к региону: Африка?,Красное море,Ганг,Байкал,Обь,images/water/красное_море.jpg
Какой из перечисленных является океаном?,Северный Ледовитый океан,Красное море,Средиземное море,Индийский океан,images/water/северный_ледовитый_океан.jpg
Какая река находится в регионе: Китай?,Янцзы,Енисей,Северный Ледовитый океан,Тихий океан,images/water/янцзы.jpg
Какой океан самый большой?,Тихий океан,Чёрное море,Ганг,Нил,images/water/тихий_океан.jpg
Какое озеро находится в Канада?,Онтарио,Байкал,Чёрное море,Нил,images/water/онтарио.jpg
Какое море относится к региону: Америка?,Карибское море,Атлантический океан,Лена,Янцзы,images/water/карибское_море.jpg
Какой океан самый большой?,Тихий океан,Чёрное море,Волга,Красное море,images/water/тихий_океан.jpg
Какой из перечисленных является океаном?,Северный Ледовитый океан,Индийский океан,Янцзы,Ганг,images/water/северный_ледовитый_океан.jpg
Какой из перечисленных является океаном?,Атлантический океан,Индийский океан,Тихий океан,Чёрное море,images/water/атлантический_океан.jpg
Какое море относится к региону: Европа?,Балтийское море,Амазонка,Атлантический океан,Лена,images/water/балтийское_море.jpg
Какое озеро находится в Африка?,Танганьика,Красное море,Атлантический океан,Мичиган,images/water/танганьика.jpg
Какое озеро находится в США?,Мичиган,Виктория,Байкал,Обь,images/water/мичиган.jpg
Какая река находится в регионе: Россия?,Волга,Обь,Миссисипи,Янцзы,images/water/волга.jpg
Какое море относится к региону: Европа?,Чёрное море,Виктория,Дунай,Ганг,images/water/чёрное_море.jpg
Какое море относится к региону: Европа?,Чёрное море,Атлантический океан,Карибское море,Средиземное море,images/water/чёрное_море.jpg
Какое море относится к региону: Европа?,Чёрное море,Мичиган,Северный Ледовитый океан,Красное море,images/water/чёрное_море.jpg
Какое море относится к региону: Африка?,Красное море,Танганьика,Северный Ледовитый океан,Янцзы,images/water/красное_море.jpg
Какой из перечисленных является океаном?,Атлантический океан,Амазонка,Ганг,Обь,images/water/атлантический_океан.jpg
Какое море относится к региону: Африка?,Красное море,Нил,Тихий океан,Атлантический океан,images/water/красное_море.jpg
Какое море относится к региону: Африка?,Красное море,Байкал,Ганг,Обь,images/water/красное_море.jpg
Какой из перечисленных является океаном?,Индийский океан,Волга,Чёрное море,Атлантический океан,images/water/индийский_океан.jpg
Какая река находится в регионе: Африка?,Нил,Волга,Онтарио,Индийский океан,images/water/нил.jpg
Какой океан самый большой?,Тихий океан,Средиземное море,Красное море,Танганьика,images/water/тихий_океан.jpg
Какое озеро находится в США?,Мичиган,Карибское море,Тихий океан,Нил,images/water/мичиган.jpg
Какой океан самый большой?,Тихий океан,Чёрное море,Байкал,Лена,images/water/тихий_океан.jpg
Какое море относится к региону: Европа?,Балтийское море,Чёрное море,Атлантический океан,Амазонка,images/water/балтийское_море.jpg
Какое озеро находится в Россия?,Байкал,Дунай,Волга,Янцзы,images/water/байкал.jpg
Какой океан самый большой?,Тихий океан,Атлантический океан,Волга,Чёрное море,images/water/тихий_океан.jpg
Какое озеро находится в Африка?,Виктория,Тихий океан,Ганг,Атлантический океан,images/water/виктория.jpg
Какой из перечисленных является океаном?,Атлантический океан,Нил,Онтарио,Балтийское море,images/water/атлантический_океан.jpg
Какой из перечисленных является океаном?,Тихий океан,Северный Ледовитый океан,Нил,Волга,images/water/тихий_океан.jpg
Какая река находится в регионе: Китай?,Янцзы,Амазонка,Чёрное море,Танганьика,images/water/янцзы.jpg
Какой из перечисленных является океаном?,Индийский океан,Чёрное море,Дунай,Красное море,images/water/индийский_океан.jpg
Какое море относится к региону: Африка?,Красное море,Ганг,Дунай,Нил,images/water/красное_море.jpg
Какой океан самый большой?,Тихий океан,Онтарио,Дунай,Ганг,images/water/тихий_океан.jpg
Какое озеро находится в Канада?,Онтарио,Северный Ледовитый океан,Индийский океан,Ганг,images/water/онтарио.jpg
Какой из перечисленных является океаном?,Индийский океан,Северный Ледовитый океан,Нил,Ганг,images/water/индийский_океан.jpg
Какой из перечисленных является океаном?,Индийский океан,Дунай,Красное море,Чёрное море,images/water/индийский_океан.jpg
Какое море относится к региону: Европа?,Чёрное море,Средиземное море,Мичиган,Енисей,images/water/чёрное_море.jpg
Какой океан самый большой?,Тихий океан,Дунай,Амазонка,Волга,images/water/тихий_океан.jpg
Какая река находится в регионе: Южная Америка?,Амазонка,Танганьика,Онтарио,Красное море,images/water/амазонка.jpg
Какой из перечисленных является океаном?,Северный Ледовитый океан,Карибское море,Обь,Чёрное море,images/water/северный_ледовитый_океан.jpg
Какой океан самый большой?,Тихий океан,Онтарио,Атлантический океан,Чёрное море,images/water/тихий_океан.jpg
Какой из перечисленных является океаном?,Северный Ледовитый океан,Атлантический океан,Красное море,Балтийское море,images/water/северный_ледовитый_океан.jpg
Какая река находится в регионе: Африка?,Нил,Северный Ледовитый океан,Чёрное море,Индийский океан,images/water/нил.jpg
Какое озеро находится в Африка?,Виктория,Средиземное море,Тихий океан,Карибское море,images/water/виктория.jpg
Какая река находится в регионе: Индия?,Ганг,Тихий океан,Нил,Миссисипи,images/water/ганг.jpg
Какой океан самый большой?,Тихий океан,Дунай,Чёрное море,Балтийское море,images/water/тихий_океан.jpg
Какое море относится к региону: Америка?,Карибское море,Северный Ледовитый океан,Нил,Обь,images/water/карибское_море.jpg
Какое море относится к региону: Европа?,Балтийское море,Дунай,Янцзы,Миссисипи,images/water/балтийское_море.jpg
Какое море относится к региону: Европа?,Чёрное море,Лена,Виктория,Карибское море,images/water/чёрное_море.jpg
Какое озеро находится в Канада?,Онтарио,Средиземное море,Мичиган,Волга,images/water/онтарио.jpg
Какое озеро находится в Россия?,Байкал,Волга,Обь,Ганг,images/water/байкал.jpg
Какая река находится в регионе: Россия?,Волга,Амазонка,Тихий океан,Средиземное море,images/water/волга.jpg
Какое озеро находится в Россия?,Байкал,Мичиган,Атлантический океан,Волга,images/water/байкал.jpg
Какое море относится к региону: Европа?,Средиземное море,Байкал,Дунай,Виктория,images/water/средиземное_море.jpg
Какой океан самый большой?,Тихий океан,Волга,Енисей,Миссисипи,images/water/тихий_океан.jpg
Какое озеро находится в Африка?,Виктория,Индийский океан,Средиземное море,Онтарио,images/water/виктория.jpg
Какое озеро находится в США?,Мичиган,Лена,Тихий океан,Ганг,images/water/мичиган.jpg
Какой океан самый большой?,Тихий океан,Танганьика,Енисей,Дунай,images/water/тихий_океан.jpg
Какое озеро находится в Африка?,Виктория,Тихий океан,Танганьика,Красное море,images/water/виктория.jpg
Какой океан самый большой?,Тихий океан,Нил,Мичиган,Балтийское море,images/water/тихий_океан.jpg
Какое море относится к региону: Европа?,Балтийское море,Средиземное море,Танганьика,Нил,images/water/балтийское_море.jpg
Какое озеро находится в Африка?,Виктория,Миссисипи,Чёрное море,Обь,images/water/виктория.jpg
Какой океан самый большой?,Тихий океан,Балтийское море,Ганг,Лена,images/water/тихий_океан.jpg
Какое море относится к региону: Европа?,Чёрное море,Ганг,Красное море,Обь,images/water/чёрное_море.jpg
Какой из перечисленных является океаном?,Северный Ледовитый океан,Байкал,Красное море,Индийский океан,images/water/северный_ледовитый_океан.jpg
Какой океан самый большой?,Тихий океан,Ганг,Северный Ледовитый океан,Енисей,images/water/тихий_океан.jpg
Какое озеро находится в Африка?,Виктория,Лена,Мичиган,Енисей,images/water/виктория.jpg
Какой из перечисленных является океаном?,Индийский океан,Виктория,Янцзы,Северный Ледовитый океан,images/water/индийский_океан.jpg
Какой из перечисленных является океаном?,Северный Ледовитый океан,Мичиган,Виктория,Нил,images/water/северный_ледовитый_океан.jpg
Какой из перечисленных является океаном?,Тихий океан,Мичиган,Енисей,Балтийское море,images/water/тихий_океан.jpg
Какой из перечисленных является океаном?,Тихий океан,Виктория,Чёрное море,Волга,images/water/тихий_океан.jpg
Какой океан самый большой?,Тихий океан,Амазонка,Средиземное море,Чёрное море,images/water/тихий_океан.jpg
Какое море относится к региону: Америка?,Карибское море,Тихий океан,Миссисипи,Дунай,images/water/карибское_море.jpg
Какая река находится в регионе: Россия?,Лена,Волга,Северный Ледовитый океан,Карибское море,images/water/лена.jpg
Какой из перечисленных является океаном?,Северный Ледовитый океан,Онтарио,Танганьика,Индийский океан,images/water/северный_ледовитый_океан.jpg
Какой океан самый большой?,Тихий океан,Амазонка,Дунай,Ганг,images/water/тихий_океан.jpg
Какая река находится в регионе: Индия?,Ганг,Янцзы,Енисей,Нил,images/water/ганг.jpg
Какое море относится к региону: Европа?,Балтийское море,Виктория,Енисей,Амазонка,images/water/балтийское_море.jpg
Какое озеро находится в Канада?,Онтарио,Тихий океан,Балтийское море,Дунай,images/water/онтарио.jpg
Какая река находится в регионе: Россия?,Енисей,Карибское море,Дунай,Тихий океан,images/water/енисей.jpg
Какая река находится в регионе: США?,Миссисипи,Онтарио,Обь,Красное море,images/water/миссисипи.jpg
Какая река находится в регионе: США?,Миссисипи,Нил,Карибское море,Лена,images/water/миссисипи.jpg
Какое озеро находится в Канада?,Онтарио,Нил,Карибское море,Байкал,images/water/онтарио.jpg
Какое море относится к региону: Африка?,Красное море,Средиземное море,Тихий океан,Карибское море,images/water/красное_море.jpg
Какая река находится в регионе: Китай?,Янцзы,Дунай,Амазонка,Онтарио,images/water/янцзы.jpg
Какое море относится к региону: Африка?,Красное море,Северный Ледовитый океан,Атлантический океан,Виктория,images/water/красное_море.jpg
Какой океан самый большой?,Тихий океан,Ганг,Балтийское море,Атлантический океан,images/water/тихий_океан.jpg
Какое озеро находится в Африка?,Танганьика,Байкал,Балтийское море,Средиземное море,images/water/танганьика.jpg
Какой океан самый большой?,Тихий океан,Ганг,Нил,Лена,images/water/тихий_океан.jpg
Какой из перечисленных является океаном?,Индийский океан,Средиземное море,Лена,Тихий океан,images/water/индийский_океан.jpg
Какой океан самый большой?,Тихий океан,Карибское море,Индийский океан,Танганьика,images/water/тихий_океан.jpg
Какое море относится к региону: Африка?,Красное море,Амазонка,Дунай,Волга,images/water/красное_море.jpg
Какой из перечисленных является океаном?,Индийский океан,Мичиган,Онтарио,Атлантический океан,images/water/индийский_океан.jpg
Какая река находится в регионе: Индия?,Ганг,Нил,Янцзы,Виктория,images/water/ганг.jpg
Какое море относится к региону: Европа?,Чёрное море,Лена,Дунай,Красное море,images/water/чёрное_море.jpg
Какая река находится в регионе: Россия?,Енисей,Ганг,Танганьика,Тихий океан,images/water/енисей.jpg
Какой океан самый большой?,Тихий океан,Енисей,Мичиган,Красное море,images/water/тихий_океан.jpg
Какое море относится к региону: Европа?,Средиземное море,Лена,Северный Ледовитый океан,Атлантический океан,images/water/средиземное_море.jpg
Какой океан самый большой?,Тихий океан,Мичиган,Танганьика,Волга,images/water/тихий_океан.jpg
Какое озеро находится в Россия?,Байкал,Красное море,Виктория,Онтарио,images/water/байкал.jpg
Какое озеро находится в Канада?,Онтарио,Янцзы,Мичиган,Индийский океан,images/water/онтарио.jpg
Какой океан самый большой?,Тихий океан,Атлантический океан,Енисей,Обь,images/water/тихий_океан.jpg
Какое озеро находится в Россия?,Байкал,Танганьика,Тихий океан,Чёрное море,images/water/байкал.jpg
Какая река находится в регионе: Россия?,Лена,Волга,Енисей,Онтарио,images/water/лена.jpg
Какое море относится к региону: Африка?,Красное море,Танганьика,Дунай,Онтарио,images/water/красное_море.jpg
Какой океан самый большой?,Тихий океан,Лена,Карибское море,Обь,images/water/тихий_океан.jpg
Какая река находится в регионе: Россия?,Волга,Карибское море,Нил,Енисей,images/water/волга.jpg
Какая река находится в регионе: Россия?,Енисей,Дунай,Чёрное море,Балтийское море,images/water/енисей.jpg
Какое море относится к региону: Европа?,Балтийское море,Лена,Индийский океан,Амазонка,images/water/балтийское_море.jpg
Какое озеро находится в Канада?,Онтарио,Чёрное море,Байкал,Лена,images/water/онтарио.jpg
Какой из перечисленных является океаном?,Индийский океан,Обь,Карибское море,Средиземное море,images/water/индийский_океан.jpg
Какая река находится в регионе: Европа?,Дунай,Танганьика,Ганг,Обь,images/water/дунай.jpg
Какой из перечисленных является океаном?,Атлантический океан,Миссисипи,Северный Ледовитый океан,Дунай,images/water/атлантический_океан.jpg
Какая река находится в регионе: Россия?,Енисей,Тихий океан,Виктория,Онтарио,images/water/енисей.jpg
Какое море относится к региону: Африка?,Красное море,Дунай,Амазонка,Енисей,images/water/красное_море.jpg
Какой из перечисленных является океаном?,Северный Ледовитый океан,Виктория,Нил,Ганг,images/water/северный_ледовитый_океан.jpg
Какая река находится в регионе: Африка?,Нил,Ганг,Танганьика,Волга,images/water/нил.jpg
Какое море относится к региону: Европа?,Балтийское море,Лена,Обь,Енисей,images/water/балтийское_море.jpg
Какая река находится в регионе: Россия?,Енисей,Чёрное море,Средиземное море,Северный Ледовитый океан,images/water/енисей.jpg
Какая река находится в регионе: Россия?,Волга,Онтарио,Янцзы,Тихий океан,images/water/волга.jpg
Какое море относится к региону: Европа?,Балтийское море,Карибское море,Виктория,Миссисипи,images/water/балтийское_море.jpg
Какая река находится в регионе: США?,Миссисипи,Виктория,Обь,Байкал,images/water/миссисипи.jpg
Какой из перечисленных является океаном?,Индийский океан,Карибское море,Виктория,Ганг,images/water/индийский_океан.jpg
Какой океан самый большой?,Тихий океан,Янцзы,Амазонка,Атлантический океан,images/water/тихий_океан.jpg
Какой из перечисленных является океаном?,Северный Ледовитый океан,Индийский океан,Енисей,Мичиган,images/water/северный_ледовитый_океан.jpg
Какой океан самый большой?,Тихий океан,Чёрное море,Средиземное море,Балтийское море,images/water/тихий_океан.jpg
Какая река находится в регионе: Россия?,Енисей,Северный Ледовитый океан,Мичиган,Средиземное море,images/water/енисей.jpg
Какое озеро находится в Канада?,Онтарио,Танганьика,Виктория,Индийский океан,images/water/онтарио.jpg
Какой из перечисленных является океаном?,Атлантический океан,Северный Ледовитый океан,Мичиган,Средиземное море,images/water/атлантический_океан.jpg
Какой океан самый большой?,Тихий океан,Атлантический океан,Байкал,Енисей,images/water/тихий_океан.jpg
Какой из перечисленных является океаном?,Северный Ледовитый океан,Атлантический океан,Карибское море,Дунай,images/water/северный_ледовитый_океан.jpg
Какой океан самый большой?,Тихий океан,Красное море,Нил,Дунай,images/water/тихий_океан.jpg
Какой океан самый большой?,Тихий океан,Дунай,Ганг,Енисей,images/water/тихий_океан.jpg
Какая река находится в регионе: Индия?,Ганг,Амазонка,Янцзы,Миссисипи,images/water/ганг.jpg
Какое море относится к региону: Европа?,Балтийское море,Ганг,Енисей,Онтарио,images/water/балтийское_море.jpg
Какое озеро находится в Канада?,Онтарио,Виктория,Тихий океан,Красное море,images/water/онтарио.jpg
Какая река находится в регионе: Россия?,Енисей,Виктория,Амазонка,Балтийское море,images/water/енисей.jpg
Какой из перечисленных является океаном?,Атлантический океан,Лена,Средиземное море,Индийский океан,images/water/атлантический_океан.jpg
Какое море относится к региону: Африка?,Красное море,Средиземное море,Амазонка,Дунай,images/water/красное_море.jpg
Какой из перечисленных является океаном?,Северный Ледовитый океан,Нил,Ганг,Красное море,images/water/северный_ледовитый_океан.jpg
Какая река находится в регионе: США?,Миссисипи,Лена,Обь,Атлантический океан,images/water/миссисипи.jpg
Какое море относится к региону: Европа?,Балтийское море,Амазонка,Танганьика,Обь,images/water/балтийское_море.jpg
Какой океан самый большой?,Тихий океан,Чёрное море,Дунай,Индийский океан,images/water/тихий_океан.jpg
Какой океан самый большой?,Тихий океан,Ганг,Онтарио,Миссисипи,images/water/тихий_океан.jpg
Какое озеро находится в Африка?,Виктория,Обь,Миссисипи,Амазонка,images/water/виктория.jpg
Какой из перечисленных является океаном?,Северный Ледовитый океан,Дунай,Енисей,Средиземное море,images/water/северный_ледовитый_океан.jpg
Какая река находится в регионе: Россия?,Енисей,Амазонка,Северный Ледовитый океан,Чёрное море,images/water/енисей.jpg
Какое озеро находится в США?,Мичиган,Лена,Виктория,Балтийское море,images/water/мичиган.jpg
Какое море относится к региону: Европа?,Балтийское море,Атлантический океан,Янцзы,Мичиган,images/water/балтийское_море.jpg
Какой океан самый большой?,Тихий океан,Танганьика,Янцзы,Амазонка,images/water/тихий_океан.jpg
Какой из перечисленных является океаном?,Индийский океан,Миссисипи,Нил,Тихий океан,images/water/индийский_океан.jpg
Какая река находится в регионе: Россия?,Лена,Байкал,Красное море,Северный Ледовитый океан,images/water/лена.jpg
Какое море относится к региону: Европа?,Чёрное море,Обь,Амазонка,Мичиган,images/water/чёрное_море.jpg
Какое море относится к региону: Европа?,Балтийское море,Чёрное море,Дунай,Байкал,images/water/балтийское_море.jpg
Какое озеро находится в США?,Мичиган,Балтийское море,Лена,Онтарио,images/water/мичиган.jpg
Какая река находится в регионе: США?,Миссисипи,Обь,Индийский океан,Чёрное море,images/water/миссисипи.jpg
Какой океан самый большой?,Тихий океан,Янцзы,Миссисипи,Атлантический океан,images/water/тихий_океан.jpg
Какая река находится в регионе: Россия?,Обь,Нил,Танганьика,Средиземное море,images/water/обь.jpg
Какой из перечисленных является океаном?,Атлантический океан,Амазонка,Средиземное море,Тихий океан,images/water/атлантический_океан.jpg
Какое море относится к региону: Европа?,Чёрное море,Енисей,Миссисипи,Средиземное море,images/water/чёрное_море.jpg
Какой из перечисленных является океаном?,Северный Ледовитый океан,Амазонка,Лена,Нил,images/water/северный_ледовитый_океан.jpg
Какое море относится к региону: Европа?,Средиземное море,Карибское море,Северный Ледовитый океан,Янцзы,images/water/средиземное_море.jpg
Какой океан самый большой?,Тихий океан,Обь,Миссисипи,Волга,images/water/тихий_океан.jpg
Какое озеро находится в Африка?,Танганьика,Байкал,Карибское море,Амазонка,images/water/танганьика.jpg
Какой океан самый большой?,Тихий океан,Волга,Енисей,Амазонка,images/water/тихий_океан.jpg
Какая река находится в регионе: Россия?,Обь,Волга,Мичиган,Чёрное море,images/water/обь.jpg
Какое море относится к региону: Европа?,Чёрное море,Виктория,Тихий океан,Енисей,images/water/чёрное_море.jpg
Какой из перечисленных является океаном?,Атлантический океан,Амазонка,Чёрное море,Дунай,images/water/атлантический_океан.jpg
Какое озеро находится в США?,Мичиган,Лена,Енисей,Байкал,images/water/мичиган.jpg
Какое море относится к региону: Америка?,Карибское море,Янцзы,Енисей,Онтарио,images/water/карибское_море.jpg
Какое море относится к региону: Европа?,Чёрное море,Атлантический океан,Виктория,Ганг,images/water/чёрное_море.jpg
Какой океан самый большой?,Тихий океан,Волга,Чёрное море,Танганьика,images/water/тихий_океан.jpg
Какой из перечисленных является океаном?,Тихий океан,Мичиган,Чёрное море,Енисей,images/water/тихий_океан.jpg
Какое море относится к региону: Европа?,Чёрное море,Дунай,Северный Ледовитый океан,Нил,images/water/чёрное_море.jpg
Какой из перечисленных является океаном?,Индийский океан,Атлантический океан,Волга,Янцзы,images/water/индийский_океан.jpg
Какое озеро находится в США?,Мичиган,Чёрное море,Байкал,Балтийское море,images/water/мичиган.jpg
Какой из перечисленных является океаном?,Индийский океан,Миссисипи,Нил,Атлантический океан,images/water/индийский_океан.jpg
Какая река находится в регионе: Европа?,Дунай,Янцзы,Миссисипи,Ганг,images/water/дунай.jpg
Какое море относится к региону: Африка?,Красное море,Нил,Волга,Мичиган,images/water/красное_море.jpg
Какой океан самый большой?,Тихий океан,Миссисипи,Индийский океан,Нил,images/water/тихий_океан.jpg
Какой океан самый большой?,Тихий океан,Атлантический океан,Амазонка,Чёрное море,images/water/тихий_океан.jpg
Какой океан самый большой?,Тихий океан,Волга,Нил,Обь,images/water/тихий_океан.jpg
Какое озеро находится в Россия?,Байкал,Атлантический океан,Обь,Онтарио,images/water/байкал.jpg
Какой океан самый большой?,Тихий океан,Лена,Онтарио,Дунай,images/water/тихий_океан.jpg
Какое море относится к региону: Европа?,Чёрное море,Дунай,Лена,Карибское море,images/water/чёрное_море.jpg
Какая река находится в регионе: Индия?,Ганг,Танганьика,Амазонка,Средиземное море,images/water/ганг.jpg
Какой из перечисленных является океаном?,Северный Ледовитый океан,Красное море,Атлантический океан,Мичиган,images/water/северный_ледовитый_океан.jpg
Какое море относится к региону: Америка?,Карибское море,Северный Ледовитый океан,Мичиган,Ганг,images/water/карибское_море.jpg
Какая река находится в регионе: США?,Миссисипи,Карибское море,Енисей,Индийский океан,images/water/миссисипи.jpg
Какое озеро находится в США?,Мичиган,Лена,Чёрное море,Енисей,images/water/мичиган.jpg
Какая река находится в регионе: Россия?,Енисей,Балтийское море,Янцзы,Индийский океан,images/water/енисей.jpg
Какая река находится в регионе: Россия?,Обь,Байкал,Ганг,Амазонка,images/water/обь.jpg
Какой из перечисленных является океаном?,Северный Ледовитый океан,Индийский океан,Атлантический океан,Красное море,images/water/северный_ледовитый_океан.jpg
Какая река находится в регионе: Индия?,Ганг,Обь,Северный Ледовитый океан,Волга,images/water/ганг.jpg
Какой из перечисленных является океаном?,Атлантический океан,Миссисипи,Янцзы,Дунай,images/water/атлантический_океан.jpg
Какой океан самый большой?,Тихий океан,Волга,Байкал,Ганг,images/water/тихий_океан.jpg
Какое море относится к региону: Европа?,Средиземное море,Балтийское море,Волга,Виктория,images/water/средиземное_море.jpg
Какой из перечисленных является океаном?,Северный Ледовитый океан,Мичиган,Чёрное море,Миссисипи,images/water/северный_ледовитый_океан.jpg
Какой из перечисленных является океаном?,Тихий океан,Средиземное море,Карибское море,Северный Ледовитый океан,images/water/тихий_океан.jpg
Какой океан самый большой?,Тихий океан,Амазонка,Обь,Волга,images/water/тихий_океан.jpg
Какое озеро находится в Африка?,Танганьика,Янцзы,Северный Ледовитый океан,Виктория,images/water/танганьика.jpg
Какая река находится в регионе: Южная Америка?,Амазонка,Танганьика,Мичиган,Северный Ледовитый океан,images/water/амазонка.jpg
Какая река находится в регионе: Индия?,Ганг,Виктория,Янцзы,Танганьика,images/water/ганг.jpg
Какой из перечисленных является океаном?,Тихий океан,Чёрное море,Танганьика,Северный Ледовитый океан,images/water/тихий_океан.jpg
Какое море относится к региону: Европа?,Средиземное море,Танганьика,Амазонка,Янцзы,images/water/средиземное_море.jpg
Какая река находится в регионе: Южная Америка?,Амазонка,Северный Ледовитый океан,Волга,Танганьика,images/water/амазонка.jpg
Какое море относится к региону: Европа?,Чёрное море,Ганг,Средиземное море,Виктория,images/water/чёрное_море.jpg
Какое озеро находится в Канада?,Онтарио,Янцзы,Волга,Виктория,images/water/онтарио.jpg
Какое море относится к региону: Америка?,Карибское море,Енисей,Виктория,Танганьика,images/water/карибское_море.jpg
Какое море относится к региону: Европа?,Балтийское море,Лена,Обь,Ганг,images/water/балтийское_море.jpg
Какой океан самый большой?,Тихий океан,Обь,Лена,Балтийское море,images/water/тихий_океан.jpg
Какое море относится к региону: Африка?,Красное море,Ганг,Миссисипи,Средиземное море,images/water/красное_море.jpg
Какое море относится к региону: Америка?,Карибское море,Красное море,Индийский океан,Нил,images/water/карибское_море.jpg
Какое озеро находится в Канада?,Онтарио,Лена,Нил,Миссисипи,images/water/онтарио.jpg
Какая река находится в регионе: Россия?,Лена,Янцзы,Средиземное море,Дунай,images/water/лена.jpg
Какой океан самый большой?,Тихий океан,Енисей,Байкал,Нил,images/water/тихий_океан.jpg
Какое озеро находится в Африка?,Виктория,Атлантический океан,Мичиган,Янцзы,images/water/виктория.jpg
Какой из перечисленных является океаном?,Северный Ледовитый океан,Обь,Танганьика,Онтарио,images/water/северный_ледовитый_океан.jpg
Какой океан самый большой?,Тихий океан,Северный Ледовитый океан,Нил,Лена,images/water/тихий_океан.jpg
Какое море относится к региону: Европа?,Чёрное море,Тихий океан,Обь,Карибское море,images/water/чёрное_море.jpg
Какой океан самый большой?,Тихий океан,Лена,Карибское море,Амазонка,images/water/тихий_океан.jpg
Какое море относится к региону: Европа?,Балтийское море,Амазонка,Миссисипи,Енисей,images/water/балтийское_море.jpg
Какое озеро находится в Африка?,Танганьика,Дунай,Северный Ледовитый океан,Онтарио,images/water/танганьика.jpg
Какое море относится к региону: Африка?,Красное море,Лена,Янцзы,Дунай,images/water/красное_море.jpg
Какое озеро находится в Канада?,Онтарио,Миссисипи,Средиземное море,Красное море,images/water/онтарио.jpg
Какой из перечисленных является океаном?,Северный Ледовитый океан,Индийский океан,Карибское море,Ганг,images/water/северный_ледовитый_океан.jpg
Какое озеро находится в Африка?,Виктория,Мичиган,Нил,Тихий океан,images/water/виктория.jpg
Какой океан самый большой?,Тихий океан,Красное море,Лена,Мичиган,images/water/тихий_океан.jpg
Какое озеро находится в Африка?,Танганьика,Индийский океан,Байкал,Средиземное море,images/water/танганьика.jpg
Какое море относится к региону: Америка?,Карибское море,Байкал,Танганьика,Мичиган,images/water/карибское_море.jpg
Какой из перечисленных является океаном?,Северный Ледовитый океан,Обь,Тихий океан,Балтийское море,images/water/северный_ледовитый_океан.jpg
Какой из перечисленных является океаном?,Северный Ледовитый океан,Лена,Мичиган,Атлантический океан,images/water/северный_ледовитый_океан.jpg
Какой из перечисленных является океаном?,Индийский океан,Волга,Средиземное море,Карибское море,images/water/индийский_океан.jpg
Какая река находится в регионе: Россия?,Лена,Нил,Ганг,Северный Ледовитый океан,images/water/лена.jpg
Какой из перечисленных является океаном?,Атлантический океан,Байкал,Обь,Лена,images/water/атлантический_океан.jpg
Какое море относится к региону: Европа?,Чёрное море,Енисей,Янцзы,Атлантический океан,images/water/чёрное_море.jpg
Какой океан самый большой?,Тихий океан,Енисей,Северный Ледовитый океан,Индийский океан,images/water/тихий_океан.jpg
Какое озеро находится в США?,Мичиган,Байкал,Онтарио,Тихий океан,images/water/мичиган.jpg
Какой океан самый большой?,Тихий океан,Дунай,Онтарио,Байкал,images/water/тихий_океан.jpg
Какой океан самый большой?,Тихий океан,Северный Ледовитый океан,Обь,Карибское море,images/water/тихий_океан.jpg
Какая река находится в регионе: Европа?,Дунай,Амазонка,Тихий океан,Мичиган,images/water/дунай.jpg
Какой из перечисленных является океаном?,Северный Ледовитый океан,Байкал,Виктория,Ганг,images/water/северный_ледовитый_океан.jpg
Какой океан самый большой?,Тихий океан,Янцзы,Ганг,Северный Ледовитый океан,images/water/тихий_океан.jpg
Какая река находится в регионе: США?,Миссисипи,Индийский океан,Лена,Янцзы,images/water/миссисипи.jpg
Какой из перечисленных является океаном?,Атлантический океан,Обь,Лена,Онтарио,images/water/атлантический_океан.jpg
Какой из перечисленных является океаном?,Северный Ледовитый океан,Балтийское море,Виктория,Тихий океан,images/water/северный_ледовитый_океан.jpg
Какой океан самый большой?,Тихий океан,Волга,Северный Ледовитый океан,Лена,images/water/тихий_океан.jpg
Какое море относится к региону: Европа?,Балтийское море,Индийский океан,Енисей,Онтарио,images/water/балтийское_море.jpg
Какое озеро находится в Африка?,Танганьика,Волга,Средиземное море,Индийский океан,images/water/танганьика.jpg
Какое озеро находится в США?,Мичиган,Лена,Обь,Балтийское море,images/water/мичиган.jpg
Какая река находится в регионе: Африка?,Нил,Енисей,Дунай,Волга,images/water/нил.jpg
Какой океан самый большой?,Тихий океан,Нил,Атлантический океан,Виктория,images/water/тихий_океан.jpg
Какая река находится в регионе: Россия?,Обь,Янцзы,Онтарио,Северный Ледовитый океан,images/water/обь.jpg
Какая река находится в регионе: Южная Америка?,Амазонка,Байкал,Северный Ледовитый океан,Янцзы,images/water/амазонка.jpg
Какое озеро находится в Канада?,Онтарио,Енисей,Дунай,Амазонка,images/water/онтарио.jpg
Какое озеро находится в Африка?,Танганьика,Байкал,Тихий океан,Енисей,images/water/танганьика.jpg
Какое озеро находится в США?,Мичиган,Лена,Чёрное море,Обь,images/water/мичиган.jpg
Какое море относится к региону: Африка?,Красное море,Карибское море,Виктория,Енисей,images/water/красное_море.jpg
Какая река находится в регионе: Россия?,Обь,Нил,Онтарио,Янцзы,images/water/обь.jpg
Какой из перечисленных является океаном?,Северный Ледовитый океан,Ганг,Карибское море,Красное море,images/water/северный_ледовитый_океан.jpg
Какой из перечисленных является океаном?,Атлантический океан,Карибское море,Амазонка,Виктория,images/water/атлантический_океан.jpg
Какой океан самый большой?,Тихий океан,Северный Ледовитый океан,Балтийское море,Индийский океан,images/water/тихий_океан.jpg
Какое озеро находится в Россия?,Байкал,Виктория,Миссисипи,Енисей,images/water/байкал.jpg
Какая река находится в регионе: Индия?,Ганг,Амазонка,Байкал,Чёрное море,images/water/ганг.jpg
Какой из перечисленных является океаном?,Северный Ледовитый океан,Мичиган,Нил,Атлантический океан,images/water/северный_ледовитый_океан.jpg
Какая река находится в регионе: Россия?,Лена,Атлантический океан,Мичиган,Обь,images/water/лена.jpg
Какая река находится в регионе: Индия?,Ганг,Лена,Нил,Онтарио,images/water/ганг.jpg
Какое море относится к региону: Америка?,Карибское море,Танганьика,Красное море,Онтарио,images/water/карибское_море.jpg
Какой из перечисленных является океаном?,Тихий океан,Ганг,Средиземное море,Обь,images/water/тихий_океан.jpg
Какое озеро находится в Канада?,Онтарио,Миссисипи,Нил,Балтийское море,images/water/онтарио.jpg
Какой океан самый большой?,Тихий океан,Обь,Мичиган,Нил,images/water/тихий_океан.jpg
Какой океан самый большой?,Тихий океан,Ганг,Енисей,Янцзы,images/water/тихий_океан.jpg
Какой из перечисленных является океаном?,Северный Ледовитый океан,Тихий океан,Дунай,Обь,images/water/северный_ледовитый_океан.jpg
Какая река находится в регионе: Индия?,Ганг,Волга,Индийский океан,Красное море,images/water/ганг.jpg
Какой из перечисленных является океаном?,Тихий океан,Виктория,Балтийское море,Ганг,images/water/тихий_океан.jpg
Какая река находится в регионе: Южная Америка?,Амазонка,Северный Ледовитый океан,Индийский океан,Чёрное море,images/water/амазонка.jpg
Какой из перечисленных является океаном?,Северный Ледовитый океан,Танганьика,Балтийское море,Онтарио,images/water/северный_ледовитый_океан.jpg
Какой океан самый большой?,Тихий океан,Балтийское море,Дунай,Атлантический океан,images/water/тихий_океан.jpg
Какой из перечисленных является океаном?,Атлантический океан,Чёрное море,Тихий океан,Байкал,images/water/атлантический_океан.jpg
Какое озеро находится в Россия?,Байкал,Танганьика,Дунай,Мичиган,images/water/байкал.jpg
Какой океан самый большой?,Тихий океан,Дунай,Балтийское море,Средиземное море,images/water/тихий_океан.jpg
Какая река находится в регионе: США?,Миссисипи,Байкал,Чёрное море,Северный Ледовитый океан,images/water/миссисипи.jpg
Какая река находится в регионе: США?,Миссисипи,Дунай,Янцзы,Тихий океан,images/water/миссисипи.jpg
Какое море относится к региону: Африка?,Красное море,Нил,Байкал,Мичиган,images/water/красное_море.jpg
Какое море относится к региону: Америка?,Карибское море,Северный Ледовитый океан,Амазонка,Дунай,images/water/карибское_море.jpg
Какой океан самый большой?,Тихий океан,Атлантический океан,Танганьика,Лена,images/water/тихий_океан.jpg
Какая река находится в регионе: Китай?,Янцзы,Байкал,Енисей,Ганг,images/water/янцзы.jpg
Какая река находится в регионе: Россия?,Енисей,Тихий океан,Карибское море,Байкал,images/water/енисей.jpg
Какая река находится в регионе: Россия?,Енисей,Балтийское море,Лена,Янцзы,images/water/енисей.jpg
Какая река находится в регионе: США?,Миссисипи,Тихий океан,Танганьика,Онтарио,images/water/миссисипи.jpg
Какая река находится в регионе: Индия?,Ганг,Тихий океан,Танганьика,Янцзы,images/water/ганг.jpg
Какая река находится в регионе: Африка?,Нил,Индийский океан,Танганьика,Мичиган,images/water/нил.jpg
Какое море относится к региону: Европа?,Чёрное море,Амазонка,Дунай,Миссисипи,images/water/чёрное_море.jpg
Какая река находится в регионе: Россия?,Лена,Тихий океан,Нил,Обь,images/water/лена.jpg
Какая река находится в регионе: Африка?,Нил,Лена,Ганг,Волга,images/water/нил.jpg
Какое море относится к региону: Европа?,Средиземное море,Мичиган,Карибское море,Балтийское море,images/water/средиземное_море.jpg
Какая река находится в регионе: Южная Америка?,Амазонка,Байкал,Миссисипи,Онтарио,images/water/амазонка.jpg
Какой из перечисленных является океаном?,Тихий океан,Красное море,Янцзы,Атлантический океан,images/water/тихий_океан.jpg
Какая река находится в регионе: Европа?,Дунай,Индийский океан,Балтийское море,Ганг,images/water/дунай.jpg
Какая река находится в регионе: Китай?,Янцзы,Тихий океан,Онтарио,Северный Ледовитый океан,images/water/янцзы.jpg
Какой из перечисленных является океаном?,Северный Ледовитый океан,Обь,Мичиган,Красное море,images/water/северный_ледовитый_океан.jpg
Какое озеро находится в Россия?,Байкал,Ганг,Атлантический океан,Тихий океан,images/water/байкал.jpg
Какой из перечисленных является океаном?,Северный Ледовитый океан,Волга,Красное море,Нил,images/water/северный_ледовитый_океан.jpg
Какой океан самый большой?,Тихий океан,Мичиган,Амазонка,Балтийское море,images/water/тихий_океан.jpg
Какая река находится в регионе: Китай?,Янцзы,Ганг,Мичиган,Индийский океан,images/water/янцзы.jpg
Какой из перечисленных является океаном?,Северный Ледовитый океан,Красное море,Атлантический океан,Лена,images/water/северный_ледовитый_океан.jpg
Какой океан самый большой?,Тихий океан,Дунай,Мичиган,Нил,images/water/тихий_океан.jpg
Какое озеро находится в США?,Мичиган,Балтийское море,Янцзы,Красное море,images/water/мичиган.jpg
Какой из перечисленных является океаном?,Северный Ледовитый океан,Балтийское море,Дунай,Лена,images/water/северный_ледовитый_океан.jpg
Какое озеро находится в Канада?,Онтарио,Нил,Индийский океан,Тихий океан,images/water/онтарио.jpg
Какой океан самый большой?,Тихий океан,Нил,Амазонка,Волга,images/water/тихий_океан.jpg
Какое озеро находится в Россия?,Байкал,Янцзы,Виктория,Атлантический океан,images/water/байкал.jpg
Какое озеро находится в Африка?,Виктория,Средиземное море,Карибское море,Балтийское море,images/water/виктория.jpg
Какая река находится в регионе: Россия?,Лена,Индийский океан,Чёрное море,Волга,images/water/лена.jpg
Какой из перечисленных является океаном?,Тихий океан,Обь,Атлантический океан,Байкал,images/water/тихий_океан.jpg
Какое море относится к региону: Европа?,Балтийское море,Индийский океан,Байкал,Миссисипи,images/water/балтийское_море.jpg
Какое море относится к региону: Европа?,Балтийское море,Онтарио,Дунай,Атлантический океан,images/water/балтийское_море.jpg
Какая река находится в регионе: Россия?,Обь,Миссисипи,Волга,Северный Ледовитый океан,images/water/обь.jpg
Какое море относится к региону: Европа?,Балтийское море,Лена,Обь,Янцзы,images/water/балтийское_море.jpg
Какое море относится к региону: Европа?,Балтийское море,Дунай,Виктория,Танганьика,images/water/балтийское_море.jpg
Какое море относится к региону: Европа?,Чёрное море,Красное море,Ганг,Волга,images/water/чёрное_море.jpg
Какая река находится в регионе: Индия?,Ганг,Волга,Чёрное море,Атлантический океан,images/water/ганг.jpg
Какой океан самый большой?,Тихий океан,Виктория,Нил,Дунай,images/water/тихий_океан.jpg
Какое озеро находится в Африка?,Танганьика,Тихий океан,Атлантический океан,Байкал,images/water/танганьика.jpg
Какой из перечисленных является океаном?,Тихий океан,Дунай,Мичиган,Нил,images/water/тихий_океан.jpg
Какой из перечисленных является океаном?,Атлантический океан,Мичиган,Обь,Тихий океан,images/water/атлантический_океан.jpg
Какое море относится к региону: Европа?,Средиземное море,Амазонка,Индийский океан,Атлантический океан,images/water/средиземное_море.jpg
Какое море относится к региону: Африка?,Красное море,Лена,Виктория,Чёрное море,images/water/красное_море.jpg
Какой из перечисленных является океаном?,Северный Ледовитый океан,Байкал,Ганг,Тихий океан,images/water/северный_ледовитый_океан.jpg
Какой океан самый большой?,Тихий океан,Байкал,Карибское море,Танганьика,images/water/тихий_океан.jpg
Какая река находится в регионе: Китай?,Янцзы,Обь,Ганг,Мичиган,images/water/янцзы.jpg
Какой из перечисленных является океаном?,Индийский океан,Обь,Байкал,Атлантический океан,images/water/индийский_океан.jpg
Какая река находится в регионе: Европа?,Дунай,Северный Ледовитый океан,Янцзы,Танганьика,images/water/дунай.jpg
Какая река находится в регионе: Россия?,Лена,Северный Ледовитый океан,Байкал,Обь,images/water/лена.jpg
Какое море относится к региону: Африка?,Красное море,Онтарио,Амазонка,Миссисипи,images/water/красное_море.jpg
Какой океан самый большой?,Тихий океан,Онтарио,Атлантический океан,Дунай,images/water/тихий_океан.jpg
Какая река находится в регионе: Южная Америка?,Амазонка,Средиземное море,Онтарио,Дунай,images/water/амазонка.jpg
Какая река находится в регионе: Россия?,Енисей,Волга,Лена,Красное море,images/water/енисей.jpg
Какой океан самый большой?,Тихий океан,Виктория,Чёрное море,Лена,images/water/тихий_океан.jpg
Какая река находится в регионе: Россия?,Енисей,Онтарио,Виктория,Чёрное море,images/water/енисей.jpg
Какой океан самый большой?,Тихий океан,Мичиган,Карибское море,Виктория,images/water/тихий_океан.jpg
Какой из перечисленных является океаном?,Северный Ледовитый океан,Балтийское море,Средиземное море,Танганьика,images/water/северный_ледовитый_океан.jpg
Какой океан самый большой?,Тихий океан,Янцзы,Атлантический океан,Обь,images/water/тихий_океан.jpg
Какой океан самый большой?,Тихий океан,Дунай,Обь,Енисей,images/water/тихий_океан.jpg
Какой океан самый большой?,Тихий океан,Енисей,Мичиган,Красное море,images/water/тихий_океан.jpg
Какая река находится в регионе: Южная Америка?,Амазонка,Танганьика,Нил,Средиземное море,images/water/амазонка.jpg
Какое озеро находится в США?,Мичиган,Средиземное море,Нил,Северный Ледовитый океан,images/water/мичиган.jpg
Какой из перечисленных является океаном?,Атлантический океан,Чёрное море,Дунай,Средиземное море,images/water/атлантический_океан.jpg
Какое озеро находится в Канада?,Онтарио,Нил,Амазонка,Северный Ледовитый океан,images/water/онтарио.jpg
Какой океан самый большой?,Тихий океан,Красное море,Атлантический океан,Ганг,images/water/тихий_океан.jpg
Какое море относится к региону: Америка?,Карибское море,Волга,Онтарио,Индийский океан,images/water/карибское_море.jpg
Какой из перечисленных является океаном?,Тихий океан,Атлантический океан,Миссисипи,Красное море,images/water/тихий_океан.jpg
Какое озеро находится в США?,Мичиган,Балтийское море,Тихий океан,Янцзы,images/water/мичиган.jpg
Какой океан самый большой?,Тихий океан,Красное море,Амазонка,Енисей,images/water/тихий_океан.jpg
Какое море относится к региону: Европа?,Балтийское море,Волга,Тихий океан,Енисей,images/water/балтийское_море.jpg
Какой океан самый большой?,Тихий океан,Виктория,Лена,Танганьика,images/water/тихий_океан.jpg
Какая река находится в регионе: Китай?,Янцзы,Красное море,Карибское море,Балтийское море,images/water/янцзы.jpg
Какой из перечисленных является океаном?,Индийский океан,Атлантический океан,Лена,Ганг,images/water/индийский_океан.jpg
Какое море относится к региону: Европа?,Средиземное море,Северный Ледовитый океан,Ганг,Обь,images/water/средиземное_море.jpg
Какой из перечисленных является океаном?,Атлантический океан,Миссисипи,Виктория,Танганьика,images/water/атлантический_океан.jpg
Какое море относится к региону: Америка?,Карибское море,Индийский океан,Средиземное море,Чёрное море,images/water/карибское_море.jpg
Какое море относится к региону: Европа?,Средиземное море,Нил,Ганг,Виктория,images/water/средиземное_море.jpg
Какое озеро находится в Канада?,Онтарио,Северный Ледовитый океан,Средиземное море,Дунай,images/water/онтарио.jpg
Какой из перечисленных является океаном?,Тихий океан,Красное море,Танганьика,Карибское море,images/water/тихий_океан.jpg
Какое озеро находится в США?,Мичиган,Янцзы,Миссисипи,Волга,images/water/мичиган.jpg
Какое озеро находится в Африка?,Виктория,Средиземное море,Балтийское море,Индийский океан,images/water/виктория.jpg
Какой из перечисленных является океаном?,Северный Ледовитый океан,Тихий океан,Нил,Балтийское море,images/water/северный_ледовитый_океан.jpg
Какой океан самый большой?,Тихий океан,Миссисипи,Мичиган,Янцзы,images/water/тихий_океан.jpg
Какое море относится к региону: Европа?,Средиземное море,Ганг,Чёрное море,Амазонка,images/water/средиземное_море.jpg
Какое озеро находится в Африка?,Танганьика,Чёрное море,Виктория,Ганг,images/water/танганьика.jpg
Какой из перечисленных является океаном?,Северный Ледовитый океан,Балтийское море,Средиземное море,Дунай,images/water/северный_ледовитый_океан.jpg
Какой океан самый большой?,Тихий океан,Нил,Чёрное море,Атлантический океан,images/water/тихий_океан.jpg
Какое море относится к региону: Европа?,Балтийское море,Байкал,Дунай,Северный Ледовитый океан,images/water/балтийское_море.jpg
Какой океан самый большой?,Тихий океан,Амазонка,Чёрное море,Миссисипи,images/water/тихий_океан.jpg
Какая река находится в регионе: США?,Миссисипи,Виктория,Обь,Янцзы,images/water/миссисипи.jpg
Какое озеро находится в Россия?,Байкал,Ганг,Миссисипи,Лена,images/water/байкал.jpg
Какой океан самый большой?,Тихий океан,Амазонка,Мичиган,Балтийское море,images/water/тихий_океан.jpg
Какое озеро находится в США?,Мичиган,Янцзы,Амазонка,Индийский океан,images/water/мичиган.jpg
Какой океан самый большой?,Тихий океан,Карибское море,Онтарио,Амазонка,images/water/тихий_океан.jpg
Какое озеро находится в Африка?,Виктория,Атлантический океан,Балтийское море,Лена,images/water/виктория.jpg
Какая река находится в регионе: Индия?,Ганг,Янцзы,Волга,Красное море,images/water/ганг.jpg
Какое море относится к региону: Европа?,Чёрное море,Обь,Индийский океан,Дунай,images/water/чёрное_море.jpg
Какое озеро находится в Африка?,Виктория,Балтийское море,Мичиган,Ганг,images/water/виктория.jpg
Какое озеро находится в Канада?,Онтарио,Красное море,Байкал,Ганг,images/water/онтарио.jpg
Какое озеро находится в Африка?,Виктория,Ганг,Тихий океан,Енисей,images/water/виктория.jpg
Какое озеро находится в Канада?,Онтарио,Карибское море,Обь,Миссисипи,images/water/онтарио.jpg
Какой из перечисленных является океаном?,Атлантический океан,Индийский океан,Танганьика,Ганг,images/water/атлантический_океан.jpg
Какое озеро находится в Россия?,Байкал,Миссисипи,Амазонка,Мичиган,images/water/байкал.jpg
Какое море относится к региону: Африка?,Красное море,Северный Ледовитый океан,Карибское море,Янцзы,images/water/красное_море.jpg
Какое озеро находится в Россия?,Байкал,Индийский океан,Танганьика,Амазонка,images/water/байкал.jpg
Какой из перечисленных является океаном?,Индийский океан,Тихий океан,Нил,Карибское море,images/water/индийский_океан.jpg
Какой океан самый большой?,Тихий океан,Танганьика,Индийский океан,Карибское море,images/water/тихий_океан.jpg
Какое озеро находится в Африка?,Танганьика,Виктория,Обь,Енисей,images/water/танганьика.jpg
Какое озеро находится в Россия?,Байкал,Атлантический океан,Балтийское море,Дунай,images/water/байкал.jpg
Какой океан самый большой?,Тихий океан,Чёрное море,Онтарио,Янцзы,images/water/тихий_океан.jpg
Какая река находится в регионе: Россия?,Волга,Ганг,Онтарио,Танганьика,images/water/волга.jpg
Какая река находится в регионе: Россия?,Волга,Балтийское море,Виктория,Карибское море,images/water/волга.jpg
Какое озеро находится в Африка?,Танганьика,Нил,Енисей,Индийский океан,images/water/танганьика.jpg
Какое озеро находится в Африка?,Танганьика,Обь,Мичиган,Балтийское море,images/water/танганьика.jpg
Какой океан самый большой?,Тихий океан,Дунай,Енисей,Танганьика,images/water/тихий_океан.jpg
Какой из перечисленных является океаном?,Атлантический океан,Обь,Амазонка,Дунай,images/water/атлантический_океан.jpg
Какая река находится в регионе: США?,Миссисипи,Чёрное море,Волга,Красное море,images/water/миссисипи.jpg
Какой океан самый большой?,Тихий океан,Амазонка,Карибское море,Байкал,images/water/тихий_океан.jpg
Какой океан самый большой?,Тихий океан,Танганьика,Лена,Чёрное море,images/water/тихий_океан.jpg
Какой океан самый большой?,Тихий океан,Красное море,Средиземное море,Янцзы,images/water/тихий_океан.jpg
Какой океан самый большой?,Тихий океан,Красное море,Средиземное море,Виктория,images/water/тихий_океан.jpg
Какое озеро находится в Африка?,Танганьика,Амазонка,Виктория,Волга,images/water/танганьика.jpg
Какой из перечисленных является океаном?,Тихий океан,Дунай,Ганг,Амазонка,images/water/тихий_океан.jpg
Какое море относится к региону: Европа?,Средиземное море,Онтарио,Нил,Янцзы,images/water/средиземное_море.jpg
Какое озеро находится в США?,Мичиган,Байкал,Индийский океан,Танганьика,images/water/мичиган.jpg
Какое озеро находится в Канада?,Онтарио,Чёрное море,Енисей,Тихий океан,images/water/онтарио.jpg
Какое озеро находится в Африка?,Виктория,Чёрное море,Средиземное море,Ганг,images/water/виктория.jpg
Какое озеро находится в Африка?,Танганьика,Дунай,Мичиган,Байкал,images/water/танганьика.jpg
Какое озеро находится в Африка?,Виктория,Чёрное море,Атлантический океан,Ганг,images/water/виктория.jpg
Какой из перечисленных является океаном?,Северный Ледовитый океан,Индийский океан,Дунай,Обь,images/water/северный_ледовитый_океан.jpg
Какое озеро находится в Африка?,Танганьика,Енисей,Индийский океан,Красное море,images/water/танганьика.jpg
Какой океан самый большой?,Тихий океан,Виктория,Онтарио,Дунай,images/water/тихий_океан.jpg
Какой из перечисленных является океаном?,Индийский океан,Байкал,Енисей,Карибское море,images/water/индийский_океан.jpg
Какое озеро находится в Россия?,Байкал,Северный Ледовитый океан,Красное море,Карибское море,images/water/байкал.jpg
Какой океан самый большой?,Тихий океан,Онтарио,Индийский океан,Виктория,images/water/тихий_океан.jpg
Какое озеро находится в Африка?,Виктория,Миссисипи,Атлантический океан,Енисей,images/water/виктория.jpg
Какое озеро находится в Африка?,Виктория,Нил,Красное море,Средиземное море,images/water/виктория.jpg
Какое море относится к региону: Европа?,Чёрное море,Балтийское море,Лена,Обь,images/water/чёрное_море.jpg
Какое озеро находится в США?,Мичиган,Дунай,Северный Ледовитый океан,Нил,images/water/мичиган.jpg
Какое озеро находится в Россия?,Байкал,Виктория,Амазонка,Индийский океан,images/water/байкал.jpg
Какое море относится к региону: Европа?,Чёрное море,Атлантический океан,Амазонка,Балтийское море,images/water/чёрное_море.jpg
Какая река находится в регионе: Индия?,Ганг,Балтийское море,Средиземное море,Мичиган,images/water/ганг.jpg
Какое море относится к региону: Европа?,Балтийское море,Обь,Тихий океан,Лена,images/water/балтийское_море.jpg
Какое море относится к региону: Америка?,Карибское море,Красное море,Онтарио,Мичиган,images/water/карибское_море.jpg
Какая река находится в регионе: Южная Америка?,Амазонка,Обь,Мичиган,Индийский океан,images/water/амазонка.jpg
Какое море относится к региону: Европа?,Балтийское море,Мичиган,Лена,Чёрное море,images/water/балтийское_море.jpg
Какой из перечисленных является океаном?,Индийский океан,Амазонка,Средиземное море,Ганг,images/water/индийский_океан.jpg
Какое море относится к региону: Европа?,Балтийское море,Карибское море,Северный Ледовитый океан,Тихий океан,images/water/балтийское_море.jpg
Какое озеро находится в Канада?,Онтарио,Амазонка,Волга,Индийский океан,images/water/онтарио.jpg
Какое озеро находится в Канада?,Онтарио,Енисей,Индийский океан,Красное море,images/water/онтарио.jpg
Какая река находится в регионе: Африка?,Нил,Волга,Средиземное море,Онтарио,images/water/нил.jpg
Какой из перечисленных является океаном?,Тихий океан,Мичиган,Северный Ледовитый океан,Волга,images/water/тихий_океан.jpg
Какое море относится к региону: Европа?,Средиземное море,Чёрное море,Дунай,Амазонка,images/water/средиземное_море.jpg
Какое озеро находится в Африка?,Танганьика,Обь,Мичиган,Дунай,images/water/танганьика.jpg
Какое море относится к региону: Европа?,Балтийское море,Средиземное море,Тихий океан,Енисей,images/water/балтийское_море.jpg
Какой из перечисленных является океаном?,Тихий океан,Лена,Мичиган,Балтийское море,images/water/тихий_океан.jpg
Какое озеро находится в Африка?,Танганьика,Енисей,Дунай,Миссисипи,images/water/танганьика.jpg
Какой океан самый большой?,Тихий океан,Байкал,Средиземное море,Индийский океан,images/water/тихий_океан.jpg
Какое море относится к региону: Америка?,Карибское море,Нил,Индийский океан,Средиземное море,images/water/карибское_море.jpg
Какой океан самый большой?,Тихий океан,Мичиган,Нил,Ганг,images/water/тихий_океан.jpg
Какой из перечисленных является океаном?,Северный Ледовитый океан,Средиземное море,Волга,Чёрное море,images/water/северный_ледовитый_океан.jpg
Какое море относится к региону: Европа?,Средиземное море,Лена,Янцзы,Танганьика,images/water/средиземное_море.jpg
Какой из перечисленных является океаном?,Атлантический океан,Виктория,Дунай,Лена,images/water/атлантический_океан.jpg
Какое озеро находится в Африка?,Танганьика,Миссисипи,Карибское море,Онтарио,images/water/танганьика.jpg
Какой из перечисленных является океаном?,Атлантический океан,Лена,Чёрное море,Енисей,images/water/атлантический_океан.jpg
Какое море относится к региону: Европа?,Чёрное море,Волга,Атлантический океан,Нил,images/water/чёрное_море.jpg
Какой из перечисленных является океаном?,Атлантический океан,Северный Ледовитый океан,Дунай,Янцзы,images/water/атлантический_океан.jpg
Какой из перечисленных является океаном?,Северный Ледовитый океан,Дунай,Нил,Обь,images/water/северный_ледовитый_океан.jpg
Какая река находится в регионе: США?,Миссисипи,Янцзы,Нил,Тихий океан,images/water/миссисипи.jpg
Какое море относится к региону: Европа?,Средиземное море,Северный Ледовитый океан,Тихий океан,Енисей,images/water/средиземное_море.jpg
Какое озеро находится в Африка?,Танганьика,Байкал,Волга,Амазонка,images/water/танганьика.jpg
Какой океан самый большой?,Тихий океан,Янцзы,Чёрное море,Волга,images/water/тихий_океан.jpg
Какое озеро находится в Канада?,Онтарио,Танганьика,Байкал,Волга,images/water/онтарио.jpg
Какой из перечисленных является океаном?,Индийский океан,Онтарио,Балтийское море,Северный Ледовитый океан,images/water/индийский_океан.jpg
Какое озеро находится в Африка?,Танганьика,Лена,Красное море,Средиземное море,images/water/танганьика.jpg
Какое море относится к региону: Европа?,Чёрное море,Янцзы,Дунай,Мичиган,images/water/чёрное_море.jpg
Какое озеро находится в Африка?,Виктория,Лена,Миссисипи,Индийский океан,images/water/виктория.jpg
Какой океан самый большой?,Тихий океан,Нил,Янцзы,Обь,images/water/тихий_океан.jpg
Какое озеро находится в Африка?,Танганьика,Северный Ледовитый океан,Карибское море,Атлантический океан,images/water/танганьика.jpg
Какая река находится в регионе: Россия?,Обь,Янцзы,Балтийское море,Мичиган,images/water/обь.jpg
Какой океан самый большой?,Тихий океан,Дунай,Онтарио,Амазонка,images/water/тихий_океан.jpg
Какая река находится в регионе: Россия?,Лена,Дунай,Средиземное море,Красное море,images/water/лена.jpg
Какой из перечисленных является океаном?,Атлантический океан,Танганьика,Виктория,Карибское море,images/water/атлантический_океан.jpg
Какая река находится в регионе: Россия?,Енисей,Карибское море,Лена,Янцзы,images/water/енисей.jpg
Какой из перечисленных является океаном?,Атлантический океан,Северный Ледовитый океан,Мичиган,Индийский океан,images/water/атлантический_океан.jpg
Какое море относится к региону: Америка?,Карибское море,Атлантический океан,Лена,Байкал,images/water/карибское_море.jpg
Какая река находится в регионе: США?,Миссисипи,Атлантический океан,Енисей,Балтийское море,images/water/миссисипи.jpg
Какое море относится к региону: Америка?,Карибское море,Балтийское море,Енисей,Атлантический океан,images/water/карибское_море.jpg
Какое море относится к региону: Америка?,Карибское море,Красное море,Енисей,Янцзы,images/water/карибское_море.jpg
Какая река находится в регионе: Россия?,Обь,Байкал,Балтийское море,Красное море,images/water/обь.jpg
Какой из перечисленных является океаном?,Северный Ледовитый океан,Дунай,Красное море,Байкал,images/water/северный_ледовитый_океан.jpg
Какое море относится к региону: Европа?,Средиземное море,Чёрное море,Обь,Дунай,images/water/средиземное_море.jpg
Какая река находится в регионе: США?,Миссисипи,Танганьика,Нил,Онтарио,images/water/миссисипи.jpg
Какое озеро находится в Африка?,Танганьика,Балтийское море,Ганг,Виктория,images/water/танганьика.jpg
Какое море относится к региону: Европа?,Балтийское море,Енисей,Мичиган,Красное море,images/water/балтийское_море.jpg
Какое озеро находится в Канада?,Онтарио,Дунай,Тихий океан,Лена,images/water/онтарио.jpg
Какой из перечисленных является океаном?,Индийский океан,Енисей,Северный Ледовитый океан,Обь,images/water/индийский_океан.jpg
Какой океан самый большой?,Тихий океан,Красное море,Танганьика,Енисей,images/water/тихий_океан.jpg
Какой океан самый большой?,Тихий океан,Атлантический океан,Лена,Дунай,images/water/тихий_океан.jpg
Какой океан самый большой?,Тихий океан,Волга,Северный Ледовитый океан,Онтарио,images/water/тихий_океан.jpg
Какое озеро находится в Канада?,Онтарио,Байкал,Ганг,Енисей,images/water/онтарио.jpg
Какое море относится к региону: Америка?,Карибское море,Тихий океан,Чёрное море,Онтарио,images/water/карибское_море.jpg
Какое озеро находится в США?,Мичиган,Дунай,Танганьика,Тихий океан,images/water/мичиган.jpg
Какое море относится к региону: Америка?,Карибское море,Мичиган,Виктория,Миссисипи,images/water/карибское_море.jpg
Какая река находится в регионе: США?,Миссисипи,Лена,Северный Ледовитый океан,Индийский океан,images/water/миссисипи.jpg
Какой океан самый большой?,Тихий океан,Обь,Янцзы,Красное море,images/water/тихий_океан.jpg
Какое озеро находится в Канада?,Онтарио,Атлантический океан,Дунай,Лена,images/water/онтарио.jpg
Какой из перечисленных является океаном?,Северный Ледовитый океан,Нил,Виктория,Ганг,images/water/северный_ледовитый_океан.jpg
Какое озеро находится в США?,Мичиган,Танганьика,Балтийское море,Карибское море,images/water/мичиган.jpg
Какой океан самый большой?,Тихий океан,Волга,Ганг,Байкал,images/water/тихий_океан.jpg
Какое море относится к региону: Африка?,Красное море,Миссисипи,Янцзы,Чёрное море,images/water/красное_море.jpg
Какое озеро находится в Африка?,Виктория,Миссисипи,Дунай,Индийский океан,images/water/виктория.jpg
Какое озеро находится в Канада?,Онтарио,Янцзы,Северный Ледовитый океан,Ганг,images/water/онтарио.jpg
Какое море относится к региону: Европа?,Средиземное море,Мичиган,Ганг,Енисей,images/water/средиземное_море.jpg
Какое море относится к региону: Европа?,Балтийское море,Янцзы,Чёрное море,Средиземное море,images/water/балтийское_море.jpg
Какой океан самый большой?,Тихий океан,Северный Ледовитый океан,Волга,Янцзы,images/water/тихий_океан.jpg
Какой из перечисленных является океаном?,Атлантический океан,Карибское море,Ганг,Лена,images/water/атлантический_океан.jpg
Какое море относится к региону: Европа?,Чёрное море,Карибское море,Виктория,Обь,images/water/чёрное_море.jpg
Какое озеро находится в Канада?,Онтарио,Дунай,Атлантический океан,Индийский океан,images/water/онтарио.jpg
Какая река находится в регионе: Южная Америка?,Амазонка,Тихий океан,Атлантический океан,Енисей,images/water/амазонка.jpg
Какой океан самый большой?,Тихий океан,Средиземное море,Волга,Обь,images/water/тихий_океан.jpg
Какой из перечисленных является океаном?,Атлантический океан,Обь,Балтийское море,Енисей,images/water/атлантический_океан.jpg
Какая река находится в регионе: Россия?,Лена,Красное море,Миссисипи,Онтарио,images/water/лена.jpg
Какая река находится в регионе: Индия?,Ганг,Байкал,Онтарио,Северный Ледовитый океан,images/water/ганг.jpg
Какой из перечисленных является океаном?,Атлантический океан,Янцзы,Амазонка,Балтийское море,images/water/атлантический_океан.jpg
Какой из перечисленных является океаном?,Атлантический океан,Обь,Онтарио,Волга,images/water/атлантический_океан.jpg
Какой океан самый большой?,Тихий океан,Нил,Амазонка,Миссисипи,images/water/тихий_океан.jpg
Какой из перечисленных является океаном?,Индийский океан,Атлантический океан,Онтарио,Волга,images/water/индийский_океан.jpg
Какое море относится к региону: Африка?,Красное море,Дунай,Ганг,Янцзы,images/water/красное_море.jpg
Какое озеро находится в Африка?,Танганьика,Нил,Амазонка,Волга,images/water/танганьика.jpg
Какое море относится к региону: Америка?,Карибское море,Амазонка,Янцзы,Средиземное море,images/water/карибское_море.jpg
Какое море относится к региону: Европа?,Средиземное море,Танганьика,Атлантический океан,Обь,images/water/средиземное_море.jpg
Какая река находится в регионе: Китай?,Янцзы,Балтийское море,Байкал,Северный Ледовитый океан,images/water/янцзы.jpg
Какой из перечисленных является океаном?,Северный Ледовитый океан,Танганьика,Индийский океан,Байкал,images/water/северный_ледовитый_океан.jpg
Какое море относится к региону: Африка?,Красное море,Карибское море,Северный Ледовитый океан,Атлантический океан,images/water/красное_море.jpg
Какой из перечисленных является океаном?,Атлантический океан,Миссисипи,Тихий океан,Дунай,images/water/атлантический_океан.jpg
Какая река находится в регионе: Россия?,Енисей,Красное море,Танганьика,Мичиган,images/water/енисей.jpg
Какой океан самый большой?,Тихий океан,Лена,Балтийское море,Танганьика,images/water/тихий_океан.jpg
Какое море относится к региону: Европа?,Чёрное море,Атлантический океан,Тихий океан,Миссисипи,images/water/чёрное_море.jpg
Какой океан самый большой?,Тихий океан,Лена,Средиземное море,Миссисипи,images/water/тихий_океан.jpg
Какое озеро находится в Россия?,Байкал,Дунай,Танганьика,Красное море,images/water/байкал.jpg
Какая река находится в регионе: Россия?,Обь,Байкал,Волга,Атлантический океан,images/water/обь.jpg
Какая река находится в регионе: Россия?,Енисей,Обь,Ганг,Мичиган,images/water/енисей.jpg
Какая река находится в регионе: Европа?,Дунай,Байкал,Карибское море,Миссисипи,images/water/дунай.jpg
Какое озеро находится в Россия?,Байкал,Лена,Виктория,Амазонка,images/water/байкал.jpg
Какой из перечисленных является океаном?,Тихий океан,Онтарио,Волга,Амазонка,images/water/тихий_океан.jpg
Какое море относится к региону: Америка?,Карибское море,Амазонка,Нил,Индийский океан,images/water/карибское_море.jpg
Какое море относится к региону: Европа?,Балтийское море,Атлантический океан,Тихий океан,Мичиган,images/water/балтийское_море.jpg
Какой из перечисленных является океаном?,Северный Ледовитый океан,Байкал,Нил,Чёрное море,images/water/северный_ледовитый_океан.jpg
Какой из перечисленных является океаном?,Атлантический океан,Красное море,Ганг,Нил,images/water/атлантический_океан.jpg
Какое озеро находится в Канада?,Онтарио,Нил,Балтийское море,Карибское море,images/water/онтарио.jpg
Какой из перечисленных является океаном?,Атлантический океан,Обь,Средиземное море,Ганг,images/water/атлантический_океан.jpg
Какой океан самый большой?,Тихий океан,Волга,Амазонка,Балтийское море,images/water/тихий_океан.jpg
Какое озеро находится в Африка?,Танганьика,Северный Ледовитый океан,Красное море,Виктория,images/water/танганьика.jpg
Какая река находится в регионе: Южная Америка?,Амазонка,Тихий океан,Янцзы,Нил,images/water/амазонка.jpg
Какой океан самый большой?,Тихий океан,Амазонка,Миссисипи,Средиземное море,images/water/тихий_океан.jpg
Какой из перечисленных является океаном?,Атлантический океан,Амазонка,Дунай,Чёрное море,images/water/атлантический_океан.jpg
Какая река находится в регионе: США?,Миссисипи,Обь,Тихий океан,Атлантический океан,images/water/миссисипи.jpg
Какой из перечисленных является океаном?,Тихий океан,Онтарио,Виктория,Дунай,images/water/тихий_океан.jpg
Какое озеро находится в США?,Мичиган,Нил,Танганьика,Волга,images/water/мичиган.jpg
Какой из перечисленных является океаном?,Атлантический океан,Индийский океан,Волга,Тихий океан,images/water/атлантический_океан.jpg
Какой из перечисленных является океаном?,Тихий океан,Байкал,Миссисипи,Карибское море,images/water/тихий_океан.jpg
Какая река находится в регионе: Южная Америка?,Амазонка,Лена,Танганьика,Атлантический океан,images/water/амазонка.jpg
Какое озеро находится в Африка?,Виктория,Северный Ледовитый океан,Онтарио,Мичиган,images/water/виктория.jpg
Какая река находится в регионе: Китай?,Янцзы,Обь,Средиземное море,Амазонка,images/water/янцзы.jpg
Какая река находится в регионе: Россия?,Лена,Онтарио,Средиземное море,Волга,images/water/лена.jpg
Какая река находится в регионе: Россия?,Обь,Лена,Карибское море,Средиземное море,images/water/обь.jpg
Какое море относится к региону: Европа?,Балтийское море,Нил,Северный Ледовитый океан,Мичиган,images/water/балтийское_море.jpg
Какой океан самый большой?,Тихий океан,Енисей,Средиземное море,Балтийское море,images/water/тихий_океан.jpg
Какое море относится к региону: Африка?,Красное море,Балтийское море,Ганг,Енисей,images/water/красное_море.jpg
Какое море относится к региону: Америка?,Карибское море,Индийский океан,Средиземное море,Байкал,images/water/карибское_море.jpg
Какая река находится в регионе: Россия?,Обь,Тихий океан,Мичиган,Индийский океан,images/water/обь.jpg
Какое озеро находится в США?,Мичиган,Нил,Средиземное море,Атлантический океан,images/water/мичиган.jpg
Какое море относится к региону: Европа?,Чёрное море,Дунай,Атлантический океан,Ганг,images/water/чёрное_море.jpg
Какое озеро находится в США?,Мичиган,Атлантический океан,Амазонка,Волга,images/water/мичиган.jpg
Какой океан самый большой?,Тихий океан,Ганг,Миссисипи,Средиземное море,images/water/тихий_океан.jpg
Какой из перечисленных является океаном?,Индийский океан,Нил,Танганьика,Чёрное море,images/water/индийский_океан.jpg
Какое море относится к региону: Европа?,Балтийское море,Лена,Тихий океан,Енисей,images/water/балтийское_море.jpg
Какая река находится в регионе: Россия?,Волга,Атлантический океан,Миссисипи,Обь,images/water/волга.jpg
Какое озеро находится в США?,Мичиган,Средиземное море,Танганьика,Ганг,images/water/мичиган.jpg
Какой океан самый большой?,Тихий океан,Волга,Ганг,Чёрное море,images/water/тихий_океан.jpg
Какой из перечисленных является океаном?,Северный Ледовитый океан,Карибское море,Енисей,Тихий океан,images/water/северный_ледовитый_океан.jpg
Какое море относится к региону: Африка?,Красное море,Волга,Миссисипи,Средиземное море,images/water/красное_море.jpg
Какое озеро находится в Африка?,Танганьика,Тихий океан,Индийский океан,Балтийское море,images/water/танганьика.jpg
Какое море относится к региону: Америка?,Карибское море,Чёрное море,Мичиган,Средиземное море,images/water/карибское_море.jpg
Какое море относится к региону: Европа?,Чёрное море,Средиземное море,Амазонка,Балтийское море,images/water/чёрное_море.jpg
Какой океан самый большой?,Тихий океан,Волга,Дунай,Янцзы,images/water/тихий_океан.jpg
Какая река находится в регионе: Китай?,Янцзы,Северный Ледовитый океан,Атлантический океан,Карибское море,images/water/янцзы.jpg
Какое озеро находится в Канада?,Онтарио,Балтийское море,Средиземное море,Дунай,images/water/онтарио.jpg
Какая река находится в регионе: США?,Миссисипи,Дунай,Амазонка,Красное море,images/water/миссисипи.jpg
Какое озеро находится в Россия?,Байкал,Волга,Янцзы,Виктория,images/water/байкал.jpg
Какая река находится в регионе: Китай?,Янцзы,Волга,Байкал,Мичиган,images/water/янцзы.jpg
Какой из перечисленных является океаном?,Тихий океан,Онтарио,Атлантический океан,Волга,images/water/тихий_океан.jpg
Какое море относится к региону: Европа?,Балтийское море,Нил,Дунай,Лена,images/water/балтийское_море.jpg
Какое море относится к региону: Европа?,Чёрное море,Обь,Тихий океан,Янцзы,images/water/чёрное_море.jpg
Какое озеро находится в США?,Мичиган,Танганьика,Волга,Обь,images/water/мичиган.jpg
Какое море относится к региону: Африка?,Красное море,Обь,Балтийское море,Карибское море,images/water/красное_море.jpg
Какой из перечисленных является океаном?,Тихий океан,Янцзы,Красное море,Атлантический океан,images/water/тихий_океан.jpg
Какое море относится к региону: Америка?,Карибское море,Средиземное море,Лена,Обь,images/water/карибское_море.jpg
Какой океан самый большой?,Тихий океан,Мичиган,Танганьика,Карибское море,images/water/тихий_океан.jpg
Какая река находится в регионе: Россия?,Лена,Дунай,Тихий океан,Атлантический океан,images/water/лена.jpg
Какая река находится в регионе: Россия?,Енисей,Карибское море,Балтийское море,Тихий океан,images/water/енисей.jpg
Какое озеро находится в Африка?,Танганьика,Лена,Амазонка,Балтийское море,images/water/танганьика.jpg
Какое озеро находится в Африка?,Виктория,Волга,Енисей,Тихий океан,images/water/виктория.jpg
Какая река находится в регионе: Россия?,Лена,Тихий океан,Атлантический океан,Дунай,images/water/лена.jpg
Какой океан самый большой?,Тихий океан,Амазонка,Танганьика,Карибское море,images/water/тихий_океан.jpg
Какой из перечисленных является океаном?,Атлантический океан,Онтарио,Индийский океан,Балтийское море,images/water/атлантический_океан.jpg
Какой океан самый большой?,Тихий океан,Дунай,Карибское море,Танганьика,images/water/тихий_океан.jpg
Какой из перечисленных является океаном?,Индийский океан,Средиземное море,Ганг,Обь,images/water/индийский_океан.jpg
Какое море относится к региону: Европа?,Чёрное море,Виктория,Индийский океан,Северный Ледовитый океан,images/water/чёрное_море.jpg
Какой океан самый большой?,Тихий океан,Волга,Карибское море,Миссисипи,images/water/тихий_океан.jpg
Какой океан самый большой?,Тихий океан,Балтийское море,Нил,Мичиган,images/water/тихий_океан.jpg
Какое озеро находится в Африка?,Танганьика,Карибское море,Нил,Янцзы,images/water/танганьика.jpg
Какое озеро находится в Канада?,Онтарио,Янцзы,Енисей,Обь,images/water/онтарио.jpg
Какое море относится к региону: Европа?,Средиземное море,Байкал,Миссисипи,Танганьика,images/water/средиземное_море.jpg
Какой из перечисленных является океаном?,Тихий океан,Виктория,Северный Ледовитый океан,Миссисипи,images/water/тихий_океан.jpg
Какое озеро находится в Канада?,Онтарио,Нил,Волга,Виктория,images/water/онтарио.jpg
Какое озеро находится в США?,Мичиган,Чёрное море,Онтарио,Волга,images/water/мичиган.jpg
Какое озеро находится в Африка?,Виктория,Тихий океан,Енисей,Обь,images/water/виктория.jpg
Какая река находится в регионе: Южная Америка?,Амазонка,Янцзы,Балтийское море,Виктория,images/water/амазонка.jpg
Какое море относится к региону: Америка?,Карибское море,Дунай,Янцзы,Лена,images/water/карибское_море.jpg
Какое море относится к региону: Америка?,Карибское море,Лена,Янцзы,Миссисипи,images/water/карибское_море.jpg
Какой океан самый большой?,Тихий океан,Чёрное море,Нил,Миссисипи,images/water/тихий_океан.jpg
Какая река находится в регионе: Южная Америка?,Амазонка,Северный Ледовитый океан,Енисей,Лена,images/water/амазонка.jpg
Какой из перечисленных является океаном?,Тихий океан,Чёрное море,Волга,Обь,images/water/тихий_океан.jpg
Какая река находится в регионе: США?,Миссисипи,Лена,Онтарио,Нил,images/water/миссисипи.jpg
Какое озеро находится в Канада?,Онтарио,Танганьика,Байкал,Енисей,images/water/онтарио.jpg
Какое море относится к региону: Европа?,Средиземное море,Мичиган,Чёрное море,Ганг,images/water/средиземное_море.jpg
Какой из перечисленных является океаном?,Атлантический океан,Нил,Волга,Тихий океан,images/water/атлантический_океан.jpg
Какое озеро находится в Канада?,Онтарио,Дунай,Средиземное море,Карибское море,images/water/онтарио.jpg
Какое озеро находится в Африка?,Танганьика,Мичиган,Амазонка,Янцзы,images/water/танганьика.jpg
Какое озеро находится в Африка?,Виктория,Красное море,Балтийское море,Волга,images/water/виктория.jpg
Какая река находится в регионе: Индия?,Ганг,Танганьика,Амазонка,Средиземное море,images/water/ганг.jpg
Какой из перечисленных является океаном?,Индийский океан,Енисей,Карибское море,Обь,images/water/индийский_океан.jpg
Какое море относится к региону: Европа?,Балтийское море,Дунай,Амазонка,Виктория,images/water/балтийское_море.jpg
Какой из перечисленных является океаном?,Атлантический океан,Карибское море,Танганьика,Индийский океан,images/water/атлантический_океан.jpg
Какое море относится к региону: Европа?,Балтийское море,Байкал,Танганьика,Нил,images/water/балтийское_море.jpg
Какой океан самый большой?,Тихий океан,Онтарио,Миссисипи,Карибское море,images/water/тихий_океан.jpg
Какой из перечисленных является океаном?,Тихий океан,Балтийское море,Лена,Онтарио,images/water/тихий_океан.jpg
Какое озеро находится в США?,Мичиган,Северный Ледовитый океан,Карибское море,Средиземное море,images/water/мичиган.jpg
Какое озеро находится в Африка?,Танганьика,Мичиган,Ганг,Амазонка,images/water/танганьика.jpg
Какой океан самый большой?,Тихий океан,Янцзы,Байкал,Чёрное море,images/water/тихий_океан.jpg
Какая река находится в регионе: Африка?,Нил,Танганьика,Тихий океан,Северный Ледовитый океан,images/water/нил.jpg
Какое озеро находится в Канада?,Онтарио,Средиземное море,Байкал,Янцзы,images/water/онтарио.jpg
Какой из перечисленных является океаном?,Атлантический океан,Танганьика,Янцзы,Тихий океан,images/water/атлантический_океан.jpg
Какой океан самый большой?,Тихий океан,Дунай,Красное море,Лена,images/water/тихий_океан.jpg
Какой океан самый большой?,Тихий океан,Средиземное море,Карибское море,Миссисипи,images/water/тихий_океан.jpg
Какая река находится в регионе: Европа?,Дунай,Байкал,Нил,Чёрное море,images/water/дунай.jpg
Какое озеро находится в Африка?,Танганьика,Ганг,Дунай,Байкал,images/water/танганьика.jpg
Какое озеро находится в Африка?,Танганьика,Онтарио,Обь,Ганг,images/water/танганьика.jpg
Какое озеро находится в Африка?,Виктория,Янцзы,Волга,Атлантический океан,images/water/виктория.jpg
Какое море относится к региону: Европа?,Средиземное море,Балтийское море,Миссисипи,Янцзы,images/water/средиземное_море.jpg
Какое озеро находится в Африка?,Танганьика,Атлантический океан,Нил,Виктория,images/water/танганьика.jpg
Какое море относится к региону: Африка?,Красное море,Миссисипи,Обь,Средиземное море,images/water/красное_море.jpg
Какой океан самый большой?,Тихий океан,Байкал,Обь,Средиземное море,images/water/тихий_океан.jpg
Какое озеро находится в США?,Мичиган,Виктория,Красное море,Северный Ледовитый океан,images/water/мичиган.jpg
Какая река находится в регионе: Россия?,Лена,Нил,Дунай,Мичиган,images/water/лена.jpg
Какое море относится к региону: Африка?,Красное море,Танганьика,Атлантический океан,Северный Ледовитый океан,images/water/красное_море.jpg
Какая река находится в регионе: Россия?,Волга,Тихий океан,Лена,Амазонка,images/water/волга.jpg
Какой из перечисленных является океаном?,Тихий океан,Байкал,Виктория,Карибское море,images/water/тихий_океан.jpg
Какая река находится в регионе: США?,Миссисипи,Индийский океан,Мичиган,Виктория,images/water/миссисипи.jpg
Какое море относится к региону: Европа?,Средиземное море,Миссисипи,Енисей,Лена,images/water/средиземное_море.jpg
Какая река находится в регионе: Китай?,Янцзы,Красное море,Дунай,Тихий океан,images/water/янцзы.jpg
Какое озеро находится в Африка?,Виктория,Ганг,Атлантический океан,Миссисипи,images/water/виктория.jpg
Какое море относится к региону: Европа?,Балтийское море,Байкал,Онтарио,Средиземное море,images/water/балтийское_море.jpg
Какой из перечисленных является океаном?,Тихий океан,Балтийское море,Байкал,Онтарио,images/water/тихий_океан.jpg
Какая река находится в регионе: Россия?,Лена,Танганьика,Нил,Байкал,images/water/лена.jpg
Какое море относится к региону: Америка?,Карибское море,Амазонка,Северный Ледовитый океан,Тихий океан,images/water/карибское_море.jpg
Какой из перечисленных является океаном?,Северный Ледовитый океан,Атлантический океан,Волга,Янцзы,images/water/северный_ледовитый_океан.jpg
Какое море относится к региону: Европа?,Чёрное море,Танганьика,Атлантический океан,Амазонка,images/water/чёрное_море.jpg
Какая река находится в регионе: Индия?,Ганг,Енисей,Миссисипи,Северный Ледовитый океан,images/water/ганг.jpg
Какое озеро находится в Африка?,Танганьика,Чёрное море,Виктория,Волга,images/water/танганьика.jpg
Какая река находится в регионе: США?,Миссисипи,Волга,Мичиган,Чёрное море,images/water/миссисипи.jpg
Какое море относится к региону: Европа?,Чёрное море,Мичиган,Ганг,Карибское море,images/water/чёрное_море.jpg
Какое море относится к региону: Африка?,Красное море,Миссисипи,Байкал,Виктория,images/water/красное_море.jpg
Какой из перечисленных является океаном?,Индийский океан,Янцзы,Красное море,Ганг,images/water/индийский_океан.jpg
Какое море относится к региону: Европа?,Чёрное море,Нил,Средиземное море,Обь,images/water/чёрное_море.jpg
Какой океан самый большой?,Тихий океан,Дунай,Миссисипи,Атлантический океан,images/water/тихий_океан.jpg
Какой из перечисленных является океаном?,Индийский океан,Байкал,Нил,Северный Ледовитый океан,images/water/индийский_океан.jpg
Какое озеро находится в Африка?,Танганьика,Янцзы,Балтийское море,Нил,images/water/танганьика.jpg
Какое озеро находится в Африка?,Виктория,Енисей,Мичиган,Ганг,images/water/виктория.jpg
Какая река находится в регионе: Африка?,Нил,Балтийское море,Байкал,Индийский океан,images/water/нил.jpg
Какое море относится к региону: Европа?,Балтийское море,Онтарио,Тихий океан,Енисей,images/water/балтийское_море.jpg
Какое море относится к региону: Африка?,Красное море,Амазонка,Атлантический океан,Нил,images/water/красное_море.jpg
Какой из перечисленных является океаном?,Северный Ледовитый океан,Волга,Лена,Чёрное море,images/water/северный_ледовитый_океан.jpg
Какой из перечисленных является океаном?,Тихий океан,Амазонка,Байкал,Волга,images/water/тихий_океан.jpg
Какая река находится в регионе: Россия?,Лена,Чёрное море,Индийский океан,Нил,images/water/лена.jpg
Какое озеро находится в США?,Мичиган,Енисей,Северный Ледовитый океан,Амазонка,images/water/мичиган.jpg
Какое озеро находится в Россия?,Байкал,Мичиган,Амазонка,Средиземное море,images/water/байкал.jpg
Какой океан самый большой?,Тихий океан,Енисей,Чёрное море,Ганг,images/water/тихий_океан.jpg
Какой из перечисленных является океаном?,Северный Ледовитый океан,Лена,Средиземное море,Амазонка,images/water/северный_ледовитый_океан.jpg
Какое озеро находится в Россия?,Байкал,Мичиган,Индийский океан,Волга,images/water/байкал.jpg
Какой океан самый большой?,Тихий океан,Енисей,Средиземное море,Янцзы,images/water/тихий_океан.jpg
Какой из перечисленных является океаном?,Индийский океан,Байкал,Средиземное море,Карибское море,images/water/индийский_океан.jpg
Какой океан самый большой?,Тихий океан,Обь,Карибское море,Индийский океан,images/water/тихий_океан.jpg
Какой океан самый большой?,Тихий океан,Байкал,Мичиган,Миссисипи,images/water/тихий_океан.jpg
Какая река находится в регионе: Европа?,Дунай,Енисей,Виктория,Лена,images/water/дунай.jpg
Какая река находится в регионе: Китай?,Янцзы,Чёрное море,Нил,Лена,images/water/янцзы.jpg
Какое озеро находится в США?,Мичиган,Северный Ледовитый океан,Онтарио,Красное море,images/water/мичиган.jpg
Какой из перечисленных является океаном?,Тихий океан,Атлантический океан,Ганг,Байкал,images/water/тихий_океан.jpg
Какой из перечисленных является океаном?,Северный Ледовитый океан,Ганг,Янцзы,Танганьика,images/water/северный_ледовитый_океан.jpg
Какой из перечисленных является океаном?,Атлантический океан,Виктория,Танганьика,Мичиган,images/water/атлантический_океан.jpg
Какая река находится в регионе: Европа?,Дунай,Нил,Тихий океан,Балтийское море,images/water/дунай.jpg
Какой океан самый большой?,Тихий океан,Танганьика,Амазонка,Чёрное море,images/water/тихий_океан.jpg
Какое море относится к региону: Африка?,Красное море,Карибское море,Янцзы,Балтийское море,images/water/красное_море.jpg
Какое озеро находится в Африка?,Танганьика,Карибское море,Тихий океан,Байкал,images/water/танганьика.jpg
Какая река находится в регионе: Россия?,Енисей,Нил,Мичиган,Ганг,images/water/енисей.jpg
Какой из перечисленных является океаном?,Северный Ледовитый океан,Балтийское море,Онтарио,Обь,images/water/северный_ледовитый_океан.jpg
Какое озеро находится в Россия?,Байкал,Енисей,Онтарио,Ганг,images/water/байкал.jpg
Какое море относится к региону: Европа?,Балтийское море,Янцзы,Индийский океан,Волга,images/water/балтийское_море.jpg
Какое море относится к региону: Америка?,Карибское море,Атлантический океан,Миссисипи,Ганг,images/water/карибское_море.jpg
Какое море относится к региону: Европа?,Средиземное море,Индийский океан,Енисей,Мичиган,images/water/средиземное_море.jpg
Какой океан самый большой?,Тихий океан,Атлантический океан,Балтийское море,Танганьика,images/water/тихий_океан.jpg
Какой из перечисленных является океаном?,Северный Ледовитый океан,Онтарио,Ганг,Амазонка,images/water/северный_ледовитый_океан.jpg
Какой океан самый большой?,Тихий океан,Карибское море,Амазонка,Индийский океан,images/water/тихий_океан.jpg
Какой из перечисленных является океаном?,Северный Ледовитый океан,Танганьика,Байкал,Амазонка,images/water/северный_ледовитый_океан.jpg
Какой из перечисленных является океаном?,Атлантический океан,Карибское море,Средиземное море,Ганг,images/water/атлантический_океан.jpg
Какая река находится в регионе: Европа?,Дунай,Карибское море,Северный Ледовитый океан,Байкал,images/water/дунай.jpg
Какой океан самый большой?,Тихий океан,Обь,Мичиган,Танганьика,images/water/тихий_океан.jpg
Какое море относится к региону: Европа?,Балтийское море,Индийский океан,Онтарио,Лена,images/water/балтийское_море.jpg
Какой из перечисленных является океаном?,Северный Ледовитый океан,Лена,Тихий океан,Амазонка,images/water/северный_ледовитый_океан.jpg
Какое озеро находится в США?,Мичиган,Индийский океан,Янцзы,Дунай,images/water/мичиган.jpg
Какой океан самый большой?,Тихий океан,Онтарио,Виктория,Енисей,images/water/тихий_океан.jpg
Какой из перечисленных является океаном?,Индийский океан,Мичиган,Миссисипи,Лена,images/water/индийский_океан.jpg
Какой из перечисленных является океаном?,Атлантический океан,Нил,Волга,Ганг,images/water/атлантический_океан.jpg
Какой океан самый большой?,Тихий океан,Енисей,Янцзы,Байкал,images/water/тихий_океан.jpg
Какое море относится к региону: Европа?,Балтийское море,Виктория,Ганг,Карибское море,images/water/балтийское_море.jpg
Какое море относится к региону: Европа?,Чёрное море,Лена,Танганьика,Средиземное море,images/water/чёрное_море.jpg
Какое озеро находится в Россия?,Байкал,Дунай,Волга,Янцзы,images/water/байкал.jpg
Какое море относится к региону: Европа?,Средиземное море,Балтийское море,Волга,Енисей,images/water/средиземное_море.jpg
Какое море относится к региону: Европа?,Балтийское море,Индийский океан,Амазонка,Лена,images/water/балтийское_море.jpg
Какое море относится к региону: Европа?,Балтийское море,Танганьика,Северный Ледовитый океан,Чёрное море,images/water/балтийское_море.jpg
Какое море относится к региону: Африка?,Красное море,Волга,Лена,Северный Ледовитый океан,images/water/красное_море.jpg
Какой из перечисленных является океаном?,Северный Ледовитый океан,Енисей,Виктория,Индийский океан,images/water/северный_ледовитый_океан.jpg
Какое море относится к региону: Европа?,Средиземное море,Атлантический океан,Нил,Карибское море,images/water/средиземное_море.jpg
Какая река находится в регионе: Россия?,Лена,Янцзы,Карибское море,Мичиган,images/water/лена.jpg
Какое озеро находится в Африка?,Виктория,Карибское море,Онтарио,Балтийское море,images/water/виктория.jpg
Какая река находится в регионе: Китай?,Янцзы,Дунай,Обь,Карибское море,images/water/янцзы.jpg
Какой океан самый большой?,Тихий океан,Танганьика,Северный Ледовитый океан,Миссисипи,images/water/тихий_океан.jpg
Какая река находится в регионе: Китай?,Янцзы,Танганьика,Байкал,Карибское море,images/water/янцзы.jpg
Какой из перечисленных является океаном?,Индийский океан,Янцзы,Онтарио,Тихий океан,images/water/индийский_океан.jpg
Какое море относится к региону: Европа?,Балтийское море,Волга,Индийский океан,Красное море,images/water/балтийское_море.jpg
Какая река находится в регионе: Африка?,Нил,Ганг,Миссисипи,Тихий океан,images/water/нил.jpg
Какое озеро находится в Канада?,Онтарио,Ганг,Карибское море,Индийский океан,images/water/онтарио.jpg
Какое озеро находится в Африка?,Виктория,Северный Ледовитый океан,Атлантический океан,Нил,images/water/виктория.jpg
Какое море относится к региону: Европа?,Балтийское море,Тихий океан,Красное море,Дунай,images/water/балтийское_море.jpg
Какое озеро находится в США?,Мичиган,Ганг,Дунай,Миссисипи,images/water/мичиган.jpg
Какое море относится к региону: Европа?,Чёрное море,Красное море,Индийский океан,Карибское море,images/water/чёрное_море.jpg
Какое море относится к региону: Европа?,Чёрное море,Янцзы,Тихий океан,Красное море,images/water/чёрное_море.jpg
Какая река находится в регионе: Китай?,Янцзы,Волга,Красное море,Мичиган,images/water/янцзы.jpg
Какой океан самый большой?,Тихий океан,Онтарио,Обь,Северный Ледовитый океан,images/water/тихий_океан.jpg
Какой из перечисленных является океаном?,Тихий океан,Средиземное море,Нил,Ганг,images/water/тихий_океан.jpg
Какое море относится к региону: Европа?,Средиземное море,Индийский океан,Атлантический океан,Нил,images/water/средиземное_море.jpg
Какое море относится к региону: Европа?,Средиземное море,Волга,Амазонка,Ганг,images/water/средиземное_море.jpg
Какой из перечисленных является океаном?,Индийский океан,Мичиган,Енисей,Амазонка,images/water/индийский_океан.jpg
Какой из перечисленных является океаном?,Атлантический океан,Северный Ледовитый океан,Карибское море,Средиземное море,images/water/атлантический_океан.jpg
Какое море относится к региону: Европа?,Чёрное море,Байкал,Тихий океан,Енисей,images/water/чёрное_море.jpg
Какая река находится в регионе: Россия?,Волга,Чёрное море,Миссисипи,Балтийское море,images/water/волга.jpg
Какое море относится к региону: Африка?,Красное море,Янцзы,Лена,Волга,images/water/красное_море.jpg
Какая река находится в регионе: Африка?,Нил,Тихий океан,Танганьика,Амазонка,images/water/нил.jpg
Какое озеро находится в Россия?,Байкал,Виктория,Средиземное море,Чёрное море,images/water/байкал.jpg
Какой из перечисленных является океаном?,Атлантический океан,Чёрное море,Красное море,Танганьика,images/water/атлантический_океан.jpg
Какое озеро находится в Африка?,Танганьика,Красное море,Мичиган,Онтарио,images/water/танганьика.jpg
Какое озеро находится в Африка?,Танганьика,Волга,Чёрное море,Байкал,images/water/танганьика.jpg
Какой из перечисленных является океаном?,Индийский океан,Байкал,Лена,Танганьика,images/water/индийский_океан.jpg
Какой океан самый большой?,Тихий океан,Амазонка,Чёрное море,Онтарио,images/water/тихий_океан.jpg
Какой из перечисленных является океаном?,Тихий океан,Танганьика,Обь,Ганг,images/water/тихий_океан.jpg
Какая река находится в регионе: Африка?,Нил,Карибское море,Красное море,Ганг,images/water/нил.jpg
Какой из перечисленных является океаном?,Северный Ледовитый океан,Лена,Нил,Мичиган,images/water/северный_ледовитый_океан.jpg
Какой из перечисленных является океаном?,Северный Ледовитый океан,Мичиган,Волга,Ганг,images/water/северный_ледовитый_океан.jpg
Какой из перечисленных является океаном?,Индийский океан,Чёрное море,Тихий океан,Онтарио,images/water/индийский_океан.jpg
